User ID,Age,Favorite Style,Average Rating,Alcohol Preference,Bitterness Preference,Color Preference,Favorite Style Encoded,Target Style,Target Style Encoded
0,62,IPA,2.839500829578084,8.284322710443318,97.29199233543429,27.262432752252,1,Stout,3
1,65,IPA,3.2944389878672617,7.0993356465951765,98.83764131375338,33.027321311672495,1,Stout,3
2,18,Ale,4.820186724025132,4.798455941104997,26.66638011719308,36.81547168707732,0,IPA,1
3,21,Pilsner,4.91714527995671,8.640728029131475,96.0203848218416,36.65465945430536,3,IPA,1
4,21,Pilsner,4.446363855702254,6.437634981436712,14.18846377412653,16.476087682646096,3,Stout,3
5,57,Lager,2.436388350921185,9.778563341271564,12.50773517107951,39.01904895743391,2,Stout,3
6,27,Lager,4.55080334290928,5.701082693758206,94.94781195956968,7.018344870922254,2,IPA,1
7,37,Ale,3.554436710565652,5.578472681779507,96.6157063704994,26.57409427012586,0,Ale,0
8,39,Ale,2.7199871218828524,6.001044374051096,23.252290540479077,22.332859519567226,0,Ale,0
9,68,Pilsner,1.142970730001935,7.433902095751753,49.81742338500983,13.066662455582955,3,Stout,3
10,54,Wheat,4.080512496766328,9.369218441205897,54.46832751893643,23.73018170029616,5,IPA,1
11,41,Lager,3.008422322896452,5.057689840840089,87.4253112866474,7.308413089503129,2,Ale,0
12,24,Wheat,4.144753997860243,5.6780727855953215,66.5125518876552,24.3799955156596,5,IPA,1
13,42,Stout,3.99209119737308,7.49007905888717,79.7109781781454,34.90629046558465,4,Stout,3
14,42,IPA,4.174269472193408,6.7260054529690905,53.658716088816185,9.934034439701527,1,Ale,0
15,30,Pilsner,2.202604634787068,6.683937323534352,68.35723320176454,16.387326535930512,3,Ale,0
16,19,Stout,4.203194396270524,8.92440557257844,76.18684240232727,27.08931448681299,4,Stout,3
17,56,Ale,3.1953853138646693,9.543269815068168,76.40931555255712,17.57554475404953,0,IPA,1
18,57,IPA,2.893304801796573,6.887841796419291,10.156404410620514,19.52510595016888,1,Lager,2
19,41,Ale,3.700503655283028,8.124110772683643,18.99172663570545,16.84578143560071,0,Stout,3
20,64,Lager,1.0854347317533932,8.806352266164364,42.72943969939744,21.89344634613863,2,IPA,1
21,42,Wheat,1.409267263550377,7.110198462322984,15.507770239318765,18.06185838045568,5,IPA,1
22,35,Stout,2.168709460670088,5.7658984537224125,44.46907321309453,10.048691313605636,4,Lager,2
23,55,Wheat,4.931960439831359,7.828507586333703,45.061016362497305,11.958447866953591,5,Stout,3
24,43,IPA,1.55898311545982,7.510654601836356,92.82101835499655,7.773630650814192,1,Stout,3
25,31,IPA,2.3223852030368413,9.409376918437662,61.03646694052218,21.367997370168503,1,Stout,3
26,26,Ale,1.2042122587676944,4.314442220619136,73.57161524802925,34.58913770780568,0,IPA,1
27,27,Wheat,2.325075521170905,9.4607883228008,89.84788138776055,8.169287918481615,5,IPA,1
28,38,Pilsner,2.2813051460433265,7.206592168992158,49.79163885843856,28.055392413030887,3,Stout,3
29,69,Stout,4.787228683778089,4.094056696299484,10.176593013764398,19.70781061587259,4,Ale,0
30,34,IPA,4.3806163479828815,6.068213072606729,35.68024221628724,35.4983357558158,1,Ale,0
31,69,IPA,2.531056876971086,8.346001383251918,83.27428300337382,17.715974104075165,1,Stout,3
32,23,Wheat,1.099076232156995,6.930598527614998,91.16570528200673,29.305518605618367,5,IPA,1
33,33,Lager,4.324124455981513,9.880954224645954,41.6358623006399,18.96892792876101,2,Stout,3
34,65,Stout,3.6421447085781606,6.535660442986291,36.45921276811436,23.96819543457357,4,Ale,0
35,18,Stout,1.609457934605239,5.959811377756047,93.205468996186,32.1230974504809,4,Stout,3
36,36,IPA,4.984285084040749,8.930031606577408,41.5966362384502,38.87499792073131,1,Stout,3
37,53,Wheat,1.4009337496964922,7.2874401961481885,68.70206692689925,9.72106066481724,5,Stout,3
38,42,Stout,4.468458166374651,8.093959474375353,35.2278311545507,23.518397130416584,4,Stout,3
39,67,Stout,2.177064656518756,8.834214028232065,18.812691891166736,9.629402483453903,4,Stout,3
40,69,IPA,2.741413865300628,8.02856527675372,55.11126806074121,6.067630204983257,1,Stout,3
41,47,IPA,4.181826107105259,6.534444968611988,93.09086534063508,31.178271708862347,1,Ale,0
42,37,Ale,3.710033423976041,4.748778687365804,65.67766785345745,39.41449615954458,0,Ale,0
43,37,Wheat,4.751457497776157,7.481488999427803,28.79439623053609,25.839114909769805,5,IPA,1
44,32,Ale,3.484561301841533,9.384599960375557,71.41866160308517,7.535142575158062,0,Stout,3
45,57,Wheat,1.391240645916211,6.51335455911049,79.15250296878693,7.160479261907996,5,Lager,2
46,50,Ale,4.537441452967801,9.464351409057045,38.86845057234629,16.009157728373324,0,Stout,3
47,19,Ale,4.076622099954364,7.021166918694412,60.32884612879347,18.33094211499268,0,IPA,1
48,27,Stout,3.847481803573288,7.725049374654859,71.37578183205903,5.135326948435715,4,IPA,1
49,50,Lager,1.2149341894149417,8.997930856333857,24.431783084243936,34.49390160963746,2,Stout,3
50,49,IPA,2.584890978646976,7.387582657844329,96.76908457952162,21.400291823397307,1,IPA,1
51,28,IPA,1.669743277838157,4.545816035773381,50.61267653048577,39.8497688728181,1,IPA,1
52,41,Pilsner,4.287615633631476,9.88587640480237,98.16979514248597,35.945142728316085,3,Stout,3
53,53,Lager,3.802114491271451,5.4750958114770025,27.06164792600456,22.52717077341492,2,Ale,0
54,29,Wheat,4.532310389276541,8.263031971781192,53.539619167868,26.947034468727125,5,IPA,1
55,68,Lager,4.866300427696656,7.030680631706432,24.926828830825396,16.00931997382301,2,Stout,3
56,46,IPA,4.098990456769995,6.872635820906249,10.916274014554482,15.617463654472015,1,Ale,0
57,52,Lager,4.976932332883049,5.463644913201349,31.40876553176825,9.557173677374587,2,Lager,2
58,18,Wheat,3.459079544577196,8.332904594200624,46.2868603361275,24.08900757243305,5,IPA,1
59,18,Pilsner,1.1485184155657913,4.676729588985923,48.80176639518121,7.858494277922037,3,IPA,1
60,54,Stout,1.0570060606011835,9.94271985616891,89.78546395937842,20.64008807299536,4,IPA,1
61,23,Wheat,2.368415500815155,9.072241222643225,67.21095374927577,16.260354697444193,5,IPA,1
62,56,Ale,4.2938868762701485,7.207053640034752,49.09974896966772,32.66866673927079,0,Stout,3
63,58,Pilsner,4.464538825298924,6.547317736348057,98.91979296488314,18.35059648246515,3,Ale,0
64,35,Wheat,4.843250115290712,5.718787794759206,65.28018984640171,36.55233556474761,5,Ale,0
65,33,Wheat,1.2604858741952736,7.009548825644605,39.03966684864744,11.633565053176635,5,IPA,1
66,22,Ale,1.1782844439506563,9.276504772145008,72.21797930897152,37.5691300956721,0,Stout,3
67,59,IPA,4.653134385468135,5.650038404204102,54.61299304147046,25.765032561141936,1,Ale,0
68,60,Stout,2.2201867934514463,7.003224752818816,89.30509246613549,9.208456077905264,4,IPA,1
69,49,Pilsner,3.231949602438531,5.407299412402185,90.68601358569892,22.57525596749793,3,Ale,0
70,19,Lager,4.92977953200284,6.022894681989709,43.06153601090527,14.377136558676629,2,IPA,1
71,19,Stout,2.6017941389436934,5.141563053539995,60.61051457741297,31.21627739369215,4,IPA,1
72,57,Pilsner,3.66348559323936,9.943235163527127,33.91960996416749,27.79583035839535,3,Stout,3
73,59,Stout,2.603518254527941,7.428984678774734,66.3973076568295,7.195777896126945,4,Stout,3
74,53,IPA,4.072778657851119,8.396890744220173,99.31122660877072,19.614117695390178,1,Stout,3
75,56,Lager,3.1108589022914632,4.58949948071222,84.93296660399655,36.04976710877199,2,Ale,0
76,29,Ale,1.9500925519453989,6.196705300445895,42.97689102725428,19.273944742542696,0,IPA,1
77,64,Ale,2.085224405033865,9.355838818283928,18.584231679414323,31.0270696578972,0,Stout,3
78,36,Wheat,2.032236850153629,4.506629958543687,97.00137886361628,8.968389993104333,5,Lager,2
79,45,Ale,3.129281313034243,4.992899370037679,45.06263008099482,35.34208194163238,0,Ale,0
80,18,Wheat,3.812756064062657,7.752505662107012,36.40428039401336,22.585111718475744,5,IPA,1
81,32,Pilsner,4.797119600172568,7.736733964625351,38.47018536150108,38.16502588805295,3,Stout,3
82,53,Stout,3.77634950033192,9.029362266723576,54.0931029974962,23.806241016603376,4,Stout,3
83,30,Lager,4.124771375849562,9.612956583228527,96.10762588741004,31.922898936324103,2,Stout,3
84,60,Lager,1.6757044634582623,4.851918852551583,98.79600892001422,39.023986357347525,2,Lager,2
85,38,Wheat,2.4962505000293027,5.556242911161997,36.6514054617156,30.52714534754868,5,Lager,2
86,29,Pilsner,2.6551208794330643,6.564768434159535,41.63218369727366,25.204566772629715,3,IPA,1
87,22,Lager,3.745520920001892,4.005419713127498,56.062590405943325,17.834784886326467,2,IPA,1
88,24,Lager,2.1835679055074944,4.41888581775817,10.736855976676235,6.488378063406803,2,Stout,3
89,22,Stout,2.2131676856786644,5.35894766764613,25.735290691969823,20.139099820529303,4,IPA,1
90,65,Stout,2.4235566185634725,6.88661178409487,94.24531184543255,19.436816027565712,4,Lager,2
91,21,Wheat,4.241208326172929,5.509136429011677,12.649171335522508,33.80717901731438,5,IPA,1
92,30,Stout,3.310360360173395,9.26009135333829,19.087865174848943,11.623844716928929,4,Stout,3
93,54,Pilsner,1.301109119330938,5.945637253252067,47.85823153303469,30.9925698183847,3,Lager,2
94,58,Wheat,1.3129843987618752,9.547736872855772,75.83052242431108,6.314726451105942,5,Stout,3
95,32,Pilsner,2.485147777129997,9.84872356440826,34.19904073513137,36.02278648329698,3,Stout,3
96,33,Pilsner,4.066364202424634,6.699169203445472,37.53690314985019,28.377990863954704,3,Ale,0
97,38,Lager,3.754733705914722,5.3627729013959415,37.49256821119481,19.78553255447133,2,Lager,2
98,53,Ale,3.8319294186047466,5.749996800538019,88.53417340782458,14.292770274690705,0,Ale,0
99,41,Lager,4.068840264216387,8.658002089956677,30.34878456046761,11.454036403337057,2,Stout,3
100,33,Stout,2.148610851545317,5.640098246755546,60.61616434118713,25.497579748765386,4,Lager,2
101,31,Ale,3.193025127768352,6.283497207521708,99.99380323169343,19.35835362383688,0,Ale,0
102,39,IPA,3.173410561267078,6.871455150891099,75.56189454037164,31.005801238663665,1,Ale,0
103,66,Ale,3.958530004719797,7.450666698819905,40.27155897672334,36.73710930206474,0,IPA,1
104,67,Stout,4.827482276422586,9.976602641807428,78.89130732991686,15.347804111834192,4,Stout,3
105,23,Stout,2.111959779181864,5.393258530981554,95.8524136647048,27.746512502116587,4,IPA,1
106,59,Stout,4.173126691028193,6.120542219489013,43.61840264373259,19.795276737153173,4,Ale,0
107,53,Wheat,3.6398821940930497,5.577347062063066,73.72101160623976,6.495864755728201,5,Ale,0
108,18,Stout,3.3209514834538405,6.166680619862262,16.822383680745023,26.54014355449802,4,IPA,1
109,49,IPA,4.099519117389608,4.604827101367723,90.57671530787276,17.729589803941604,1,Ale,0
110,23,Wheat,4.776129865712397,6.158858603446284,18.66310521618808,5.480411586423292,5,Stout,3
111,48,Ale,1.146765671477652,9.32719018878633,43.56325866354352,21.52979933728209,0,Stout,3
112,18,IPA,1.5896004100528829,5.791539087078695,58.825525857601214,8.208411530522213,1,IPA,1
113,67,Lager,4.025148926004463,6.231608679094413,33.7219878205197,26.985938020565957,2,Ale,0
114,68,Ale,1.3351654116403382,9.666844986627607,68.43423933884598,23.42737278932548,0,Stout,3
115,54,Lager,3.064494802964372,8.370273977961208,59.89858546531703,22.51220601070044,2,Stout,3
116,52,Lager,1.879443106566428,7.10043228890829,74.54667162682955,37.790772297125535,2,Stout,3
117,66,Wheat,2.097182815371006,8.663156370420644,41.87254286099447,35.81495825506671,5,Stout,3
118,47,Lager,3.807361931777665,4.739077893127024,59.14125006874061,29.987688831400803,2,Ale,0
119,21,Wheat,1.1207710930748465,6.786942119325054,83.09668601631061,25.213924875264365,5,IPA,1
120,52,Stout,4.493277711607615,4.709416772415198,82.96267114013101,13.832925979587378,4,Ale,0
121,60,Ale,2.77791582140908,5.40170887011748,74.28159773666934,5.285696860631324,0,Lager,2
122,31,Pilsner,3.0095731756284043,4.851203558441552,58.77423006534815,9.18721590855464,3,Ale,0
123,66,Ale,3.160191854774768,6.170807435014836,70.59349906970458,16.210298048688305,0,Ale,0
124,57,Stout,3.582177178317976,6.289835922375556,17.81922611008457,11.88547460680988,4,Ale,0
125,39,Ale,2.3794263464909924,9.683851490999444,52.41854806396593,24.95013378676109,0,Stout,3
126,27,Wheat,1.404429962253965,5.584754387125176,87.4129150274184,23.72324361231942,5,IPA,1
127,18,Stout,2.2735157466647062,6.834573071899101,64.66283395539782,18.642700572927755,4,IPA,1
128,28,Ale,1.6725684720912812,8.86827642378092,94.7514795242581,33.019058393570106,0,Stout,3
129,68,Ale,3.224532717801896,8.89370551861997,33.59606691646728,30.59050010480717,0,Stout,3
130,61,Wheat,2.272114523841546,8.50205912221012,18.667162189969787,29.07590030733653,5,IPA,1
131,41,Lager,4.83226871197374,5.727002572840438,66.3952092043498,22.59363366052261,2,Ale,0
132,20,IPA,4.862937111921123,6.969829716468142,18.183333683834235,6.52058302982814,1,IPA,1
133,52,Ale,3.480503522272966,5.11726957112034,80.39218270819744,19.980970517633835,0,Ale,0
134,53,Pilsner,3.469989070669144,5.130397136696826,33.10681673341515,22.471364209309343,3,Ale,0
135,48,IPA,4.941514258268423,6.6150472788298655,58.48766725992909,20.67466587177768,1,Ale,0
136,21,Pilsner,4.549132604940744,8.431553327457646,83.02393362714513,5.156611934910656,3,IPA,1
137,36,Wheat,4.06027979663256,7.159505559987027,80.923183183027,27.835010057483828,5,Stout,3
138,64,Ale,2.254362446970805,9.320099325084714,54.637752437128775,14.00874713657934,0,Stout,3
139,53,Stout,2.462156112472305,8.985452786665455,97.82617719839254,6.563058852580579,4,IPA,1
140,38,Wheat,1.8050670630434615,4.189632656922433,54.78698413817566,22.621401328276157,5,Lager,2
141,35,Ale,2.9485925076694985,7.410514257197296,35.09122750219499,37.21915839314278,0,Stout,3
142,68,Lager,4.961474088558319,7.654967586133859,37.21881200965181,6.030409917810988,2,Stout,3
143,45,Stout,4.648603812046355,9.76945086580049,76.92784514895432,5.4809557575005154,4,Stout,3
144,32,Pilsner,1.4733977360778765,4.139419760253171,49.33963350015343,25.571183040195603,3,Lager,2
145,59,Ale,1.1007611571620246,7.186622625811774,47.69096363069412,24.00451830579359,0,Stout,3
146,19,Wheat,4.594550673633065,5.228688171615114,11.843793574294102,5.549722197949,5,IPA,1
147,54,Wheat,3.1486805117948298,4.321977437749535,37.47503443789444,8.607406273604074,5,Ale,0
148,28,Ale,1.8007595528338247,7.52493114839034,87.43447718574461,34.27381248031428,0,IPA,1
149,40,Stout,3.694613078338541,8.635624861796815,82.31540484044322,20.842345627385875,4,Stout,3
150,61,Ale,3.57689271171928,8.649192695351127,77.1859773984394,9.35355433243594,0,Stout,3
151,58,IPA,1.4883424273458687,4.181730460935441,12.081554800814793,10.457216945627628,1,Ale,0
152,29,Pilsner,2.038400933990478,6.441678401629536,12.429126228852386,26.39979575980976,3,IPA,1
153,20,Ale,1.2403118572530318,4.267057762891723,38.03184634517943,16.503309817257232,0,Stout,3
154,69,Ale,1.839441895480568,5.487031881944619,52.700794499632,5.8996831217341725,0,Lager,2
155,34,Stout,1.5292226994122515,5.15728421654769,91.87671411876428,27.260647367627502,4,Lager,2
156,50,Lager,1.7729451698982244,5.291095475452943,44.61668344049854,6.1323524118528665,2,Lager,2
157,18,Wheat,3.741868583652468,6.034710484207172,35.967250257660346,8.859798197251113,5,Stout,3
158,56,Pilsner,1.197998977044271,5.66450825101599,61.40376714742413,10.556888697205917,3,Lager,2
159,37,IPA,1.407418460992866,9.77367946796559,92.3224869594725,10.014726901863712,1,Stout,3
160,64,Wheat,1.5366945523131506,6.114442720056292,76.4774840316025,31.65470312198512,5,Lager,2
161,60,IPA,2.266164483832536,9.365035091757832,87.09996537813794,8.270590955924174,1,Stout,3
162,69,Stout,2.195001243407764,5.086250029125551,26.397788043072964,10.20245569646395,4,Lager,2
163,58,IPA,2.0202551412665577,8.582481203129285,21.30980007824132,20.6455449144624,1,IPA,1
164,31,Lager,4.002146613729665,4.368073216147857,58.96640203200036,9.902929180770196,2,Ale,0
165,48,Ale,4.992091151032403,6.776567376816048,72.7633743145525,31.142760963114497,0,Ale,0
166,42,Pilsner,3.1359116945151837,4.033062641413156,95.94892433462786,22.07110477343208,3,Ale,0
167,20,Wheat,4.776810871655768,8.861744578416616,43.4380967610831,35.78751886840518,5,IPA,1
168,21,Ale,2.5864404485042587,9.702916216226704,41.190116698332695,6.334055633328157,0,IPA,1
169,48,Stout,1.4267297872108538,4.2106442249628735,56.426886811142616,34.931943589828194,4,Lager,2
170,52,Ale,2.6350953178793493,9.603078168839886,71.64441430360381,10.383383407200004,0,Stout,3
171,61,Lager,2.1845110936587733,8.643123348948118,60.94213994037729,37.39721575599265,2,Stout,3
172,31,IPA,2.9736278491567125,6.1531694727567725,75.07276239993365,16.41143883163533,1,Lager,2
173,66,Wheat,3.6281747076656927,9.45325930733683,44.22834434012414,22.87740633680597,5,Stout,3
174,58,Pilsner,2.8442008766096327,5.7775436275054055,87.59778671667175,5.829292673323392,3,Ale,0
175,26,Lager,4.740642048311303,6.4557718734085725,26.46780342255638,30.519861862679043,2,IPA,1
176,37,Wheat,4.539059289197519,4.580267573152129,38.43141785454952,12.48199498987017,5,Ale,0
177,49,Stout,3.8079103806647887,7.941633771400864,79.63098973932857,37.0815859878509,4,Stout,3
178,26,Pilsner,2.958739649458197,4.177604972453631,40.21050285814562,28.162546599843186,3,IPA,1
179,44,Ale,1.5267491272578275,6.909431651194224,70.13391421330138,14.926670093584008,0,Lager,2
180,20,Stout,2.5880546671105336,8.099151101515202,35.90178483456646,14.131800623002771,4,IPA,1
181,21,Ale,3.817606157604695,8.927425605694665,26.83939081899635,10.96677246476564,0,Stout,3
182,62,Lager,2.1395420822149247,4.899648337729973,37.06593075578384,33.065467620380986,2,Lager,2
183,32,Wheat,1.4159523101736815,8.524542197492305,89.8293967334092,20.34668621481228,5,Stout,3
184,50,Lager,4.631593830042513,8.314462141330178,51.47948158225408,14.693096400391294,2,IPA,1
185,22,Stout,3.8362032392621774,7.357423204718705,30.28736383644057,38.34868292420226,4,IPA,1
186,21,IPA,3.4611057065403887,7.507867586727184,38.92947302485396,33.078429128161375,1,IPA,1
187,63,Stout,4.169995622435666,4.547624325140669,10.249386096311374,25.52060536755442,4,Ale,0
188,29,IPA,4.342584150333902,7.602826259442281,78.02274589813258,33.085702949232655,1,Stout,3
189,40,Stout,2.9338359926840933,6.2891332424249935,30.31097071895217,9.204436038514867,4,Lager,2
190,31,Stout,4.52475300563776,9.20548510804988,63.812893624345215,28.525732178597934,4,Stout,3
191,63,Pilsner,4.665676042804422,5.8785932904159415,12.25985843594288,16.345305123115875,3,Ale,0
192,29,IPA,2.0862043816991256,7.459570464181148,85.10485887761658,29.062814049048548,1,IPA,1
193,34,IPA,3.430181439163177,6.559428398207166,26.870027827271965,38.65799953006639,1,Ale,0
194,42,Wheat,3.1063361152818767,9.25757162950188,10.429153998784296,32.312585674756335,5,IPA,1
195,47,Lager,3.15178311660761,5.523500001935134,37.1069027528883,24.794559303713736,2,Ale,0
196,39,Ale,4.750652375858248,4.472814161856762,92.84384069535446,31.0936622877026,0,Ale,0
197,64,Lager,2.220754810772116,8.491934325898837,33.63527962401722,21.391608342106316,2,IPA,1
198,43,IPA,4.933735912938305,6.477379701449928,55.31309543061202,14.798081252773132,1,Ale,0
199,34,Pilsner,4.608524859216928,7.534590154757749,46.6506859921934,6.422191399009504,3,Stout,3
200,37,IPA,2.8348915544540105,4.158335990280107,36.482433249887805,28.70210658407807,1,Lager,2
201,51,Wheat,4.269813054472665,9.712658748384412,93.46182207414138,9.990700211390532,5,Stout,3
202,58,Ale,4.076187977280562,9.26571026430986,81.0095417248354,21.07717862954873,0,Stout,3
203,50,Ale,3.711579878474085,7.743207403463665,78.57219838364715,28.336409001830678,0,IPA,1
204,54,Stout,2.279335557532617,4.102179052675709,57.34964120331158,36.19529020891712,4,Ale,0
205,24,Pilsner,1.7858039672838155,6.26785884389726,84.23755063568535,26.327727303915697,3,IPA,1
206,39,Wheat,3.6861107870630327,9.872779226452892,51.25857923901283,12.620363778407889,5,Stout,3
207,49,Lager,4.371893185604337,8.087982152441407,51.86705954244001,21.591947955304704,2,Stout,3
208,31,Pilsner,1.0650111547094787,4.965927167880515,54.43966570721174,28.36670241095113,3,Lager,2
209,25,Stout,3.571213501234048,6.763580491927003,31.321920270211383,11.83611328305951,4,IPA,1
210,42,IPA,2.77149209848885,9.800426463060916,93.1286673448291,30.626012847070147,1,Stout,3
211,33,Wheat,4.592351020507934,7.20824904649956,33.28756073906943,31.73384830448228,5,IPA,1
212,59,Ale,2.285891723416821,4.147687168178948,27.83435499455185,23.28852752711384,0,Lager,2
213,36,IPA,2.896739249054487,7.718632505655867,31.93766139984267,35.05804338243155,1,Stout,3
214,58,IPA,3.0590684161407453,5.627299185586959,83.56169049093451,12.865894333179076,1,Ale,0
215,33,Stout,1.561758085484212,4.593075711261426,79.16910739087255,23.820812275552345,4,Lager,2
216,29,Lager,3.8515692107956254,6.417450668391358,48.439612761046135,36.29574643168967,2,IPA,1
217,56,IPA,4.321905380483838,7.351138584593469,11.240371416212426,29.64530288054704,1,Stout,3
218,65,Ale,1.231637107585041,4.102244308286816,97.81615299257972,33.240600974936484,0,Lager,2
219,47,Ale,2.165555282147611,7.354280851815685,21.927787974132706,12.773255781089604,0,IPA,1
220,19,Lager,1.1521787261402316,7.0672188810378245,86.62804089330155,25.047320344690203,2,IPA,1
221,49,Lager,4.826176418752969,8.763450298592561,80.35507779676772,16.34149504151168,2,Stout,3
222,62,Stout,3.668675282815294,6.541298900892383,94.42682035402284,28.062075161451123,4,Ale,0
223,42,Pilsner,4.856801677819126,7.320702578019318,79.60586851767599,23.291337640877,3,Stout,3
224,42,Ale,3.125977113325231,8.452055824342757,39.823443174432576,26.892108177066422,0,IPA,1
225,21,IPA,4.208274095582455,9.382875230691674,30.87226390727525,26.618450851805967,1,IPA,1
226,36,Stout,2.49765593551896,6.280207456142125,43.99217383657734,30.775253726184825,4,Lager,2
227,65,Lager,2.415276130290564,7.609800974698879,28.277845346500712,32.960880037424815,2,Stout,3
228,21,IPA,2.5130712684205307,8.167665420498292,74.76172729704557,7.165721896045861,1,IPA,1
229,60,Pilsner,3.631448534905713,4.259624058653177,84.38667692446995,38.1931897388592,3,Ale,0
230,30,Wheat,2.437812604086609,8.804563050916808,68.17950031575234,19.225571934030988,5,Stout,3
231,56,Lager,4.601469806416903,6.264581111292364,26.74834581781919,10.95339542650967,2,Ale,0
232,53,Pilsner,4.933099460200621,8.02143364866166,13.364623992578114,37.26930415512688,3,IPA,1
233,40,Pilsner,1.1217060613480236,6.829984397229694,62.2361140171268,32.439699538121175,3,Ale,0
234,23,Ale,1.774493161609986,8.214034856150244,51.64057945716522,19.71238333030232,0,IPA,1
235,41,Wheat,1.448999970349544,8.345985875414673,27.973353537912917,25.99700800640405,5,Stout,3
236,61,Ale,1.169456188365773,5.149426080918804,43.1275511998262,12.91690415081202,0,Lager,2
237,50,Pilsner,1.910963973389146,7.973045405718703,58.73196300480579,19.45956147016601,3,Stout,3
238,29,Wheat,2.7871732814763246,9.107940627292525,66.96254010489216,19.0328987789472,5,IPA,1
239,58,Ale,4.347961461154736,5.413403203029849,52.89793997885364,31.39141537959752,0,Ale,0
240,38,Wheat,1.8872961220399844,8.549100819363268,97.42535395618673,20.11030484116161,5,IPA,1
241,28,Wheat,2.975781022648805,7.802950678931341,14.160376042377042,31.420495097918486,5,IPA,1
242,61,Lager,4.718474957787018,9.730756206835384,69.23871217242086,32.6527799883687,2,Stout,3
243,55,Pilsner,3.6688588271467,5.561479463750565,91.86021116090431,18.496695156372784,3,Ale,0
244,46,Pilsner,4.19231607902399,4.925666665948022,31.29077900019025,20.402216597529065,3,Ale,0
245,65,Stout,3.203975880741945,5.8727260916902,29.23364692622239,23.225059783652927,4,Ale,0
246,58,Stout,4.92186583536252,5.547752669187512,78.60095267343239,5.12287436155838,4,Ale,0
247,20,Stout,3.354648618725897,8.540996562841077,53.77364146947124,11.82692500646522,4,IPA,1
248,45,Stout,1.1820428558503662,8.39865582308079,99.29597560280938,34.649800152288755,4,Stout,3
249,37,IPA,1.7919311997591794,8.018109405132003,63.021125844254094,31.63291058858885,1,Stout,3
250,43,Stout,2.619094515828592,5.298274686750927,93.10977401391936,7.700305316632528,4,Lager,2
251,41,Lager,3.4051086902951053,9.170840844634538,11.098946769707972,27.22141827778191,2,Stout,3
252,69,IPA,4.08772346963584,9.739429335153568,23.90856584281346,5.72573736053616,1,IPA,1
253,64,Lager,2.652344503615545,7.1896349086518665,71.59771402764306,23.697128419477096,2,Stout,3
254,38,Stout,3.8402332200627542,7.896236383776315,47.48197329077014,10.651856986422455,4,Stout,3
255,47,Pilsner,4.1594780124365,7.004152594123372,85.23681124860822,34.87083214608663,3,Stout,3
256,21,IPA,2.269040788999931,5.701346290615623,48.60082833008663,26.518532767872284,1,IPA,1
257,53,Pilsner,4.917080960143274,5.716885623979625,74.16970267194871,7.239379176527032,3,Ale,0
258,57,Lager,3.5986259809433423,5.880523136409479,60.95440153301124,27.443885122459523,2,Ale,0
259,27,Lager,4.523992243144525,5.145100024984924,20.791321059576056,36.22693738823874,2,IPA,1
260,27,IPA,3.223750755234427,9.411541795775904,74.61560860363292,30.67972407814065,1,IPA,1
261,59,Wheat,3.966412428609295,9.150388804280116,73.57346212129283,9.032080768547624,5,IPA,1
262,41,Lager,4.082176246465462,6.76983616791302,20.414633609189323,28.278264243332075,2,Lager,2
263,21,Wheat,4.632993516938316,6.203508475361023,60.57203120269561,26.37459381605104,5,Stout,3
264,64,IPA,1.6013990274854812,9.634470139282593,40.20850157938465,27.097315241698787,1,Stout,3
265,44,Lager,3.233133696676994,5.334240815396861,51.2964803841198,32.83067457437883,2,Ale,0
266,68,Pilsner,2.713514052423425,7.32125175680081,48.04828237276983,15.65466987443313,3,Stout,3
267,62,Ale,4.692636084694961,4.326988933252975,19.42969638242697,17.441398457108292,0,Ale,0
268,21,Stout,1.4203787769959968,5.147213182104694,24.22206876621518,12.063564811217484,4,IPA,1
269,49,Stout,4.930295554723651,7.624161600157058,17.81277545292852,21.00116290776728,4,Stout,3
270,27,Ale,4.501805296373185,7.973101917065018,27.32023122430257,19.344517659214446,0,IPA,1
271,28,Ale,1.295305126256994,7.485974912039438,86.7199947847971,7.943564513829489,0,IPA,1
272,45,IPA,2.963865542161898,9.21760849599574,12.20703843366396,13.491228003395948,1,Stout,3
273,63,Lager,3.870238000850104,9.960431324936485,48.84555252581704,9.19746540673586,2,Stout,3
274,25,Pilsner,3.952606182764226,8.583171052917468,82.08427498327816,24.407793905615968,3,Stout,3
275,57,Stout,4.625976500951683,6.790550704862553,19.023238407465108,11.554328419110425,4,Ale,0
276,39,Ale,4.199461742329244,9.003608016724616,30.494223114306816,16.396076969646657,0,IPA,1
277,51,Wheat,2.243721521376358,4.72232436499601,75.46957368024582,33.59686675383297,5,Lager,2
278,62,Wheat,2.993739143449809,8.09962417867558,68.27971893340174,25.01472270962304,5,Stout,3
279,52,Ale,3.807143051743416,7.110026724720604,60.67214530436495,23.18541523103567,0,IPA,1
280,52,Ale,1.5537473654574057,5.068395317534311,25.447673496536268,38.05269605011541,0,Lager,2
281,42,Lager,1.775963190400789,9.837601703681283,81.5077910769279,20.307298677387955,2,Stout,3
282,51,Wheat,2.9241697924394905,6.030624518672485,22.72727006931665,35.92743796075632,5,Lager,2
283,23,Pilsner,2.192983194822051,7.6925404357803,22.13181052507578,25.224890179095336,3,IPA,1
284,58,Ale,4.450236999136379,9.271565425149712,81.5531539873019,19.186741857122826,0,Stout,3
285,54,Pilsner,3.345109286082472,7.040133063488923,43.23009950956678,17.11252260155353,3,Stout,3
286,18,Stout,2.3946607908734707,4.690827101058591,38.13554043310121,36.61822941245096,4,IPA,1
287,29,IPA,4.39533210241764,8.91243450608374,35.08048461792128,24.783587522408745,1,Stout,3
288,52,IPA,4.219513794216955,6.119282602352802,39.24748957308413,13.809974754173432,1,Ale,0
289,23,Stout,4.993419508397079,9.898401213351033,40.65288397368447,23.181410132773603,4,IPA,1
290,34,IPA,4.389230753334939,9.30295267866735,72.67309242458856,13.741981273365846,1,Stout,3
291,26,Ale,2.6578261392227187,9.120696000093744,31.62359810361453,13.423411385662654,0,Stout,3
292,19,Wheat,1.509995527079954,6.137519065227396,39.27938081265144,9.519947316978936,5,IPA,1
293,35,Lager,4.362563632801912,8.542778666854394,79.85903576230595,29.125823882374327,2,Stout,3
294,66,IPA,1.239031671841576,9.917974378009532,92.18355159823408,32.33652627036221,1,IPA,1
295,53,Stout,2.4010848293794167,7.157929671707988,65.15523732055891,16.326419053011925,4,Stout,3
296,45,Lager,4.678951923085095,6.824392929731389,19.460640651652632,19.325382777675216,2,Ale,0
297,58,Stout,4.843065893780403,4.087994925832425,58.74261946377606,32.75738321049728,4,Ale,0
298,54,Ale,3.5622583740848737,8.201222612409618,66.50009868019657,5.570611981320764,0,Stout,3
299,66,Stout,3.754593267934854,9.150865411611123,38.26474273062527,16.64908342376782,4,Stout,3
300,43,Wheat,1.16981795490209,5.48474311649098,84.52003356342075,15.765803444119516,5,Lager,2
301,21,Ale,3.0579213643581915,5.890147462687941,80.38709296814604,24.02080932876301,0,IPA,1
302,57,IPA,3.187472715225365,7.004062127956939,61.7776036048261,36.320423388901446,1,Stout,3
303,53,Lager,2.3604029844964445,4.432480944169101,23.051403048440072,6.418085765064383,2,Lager,2
304,68,Pilsner,1.2743873390155374,4.537854856592422,72.76433191156825,34.49699743709343,3,Lager,2
305,48,Wheat,1.915630398897576,6.526664553328485,90.581379745737,24.4994732030566,5,Ale,0
306,47,Lager,2.4319357474447854,5.56731371622053,32.50909987959127,25.5683424309521,2,Lager,2
307,67,Pilsner,2.7405679460653185,6.436223815196611,96.28173061156072,38.493797284862325,3,Lager,2
308,51,IPA,3.3637069021342767,6.726317788599628,79.41721573272552,9.489908725336983,1,Ale,0
309,36,Stout,3.8895660747929455,9.85764038043471,37.02894173012011,14.682524774193189,4,Stout,3
310,35,Wheat,2.2705274930957846,9.665558920617023,65.51390117004236,13.051813339323358,5,IPA,1
311,47,Wheat,2.3158150396759325,4.838380909238596,37.7063138872625,21.40939852617453,5,Lager,2
312,38,Ale,1.0787665708948149,9.295515842393478,18.952108848450465,25.29404510042696,0,Stout,3
313,20,Ale,1.1634994403760732,4.481239973980472,84.1733802658617,30.475204109238454,0,IPA,1
314,23,Ale,2.0312867772341456,7.0458128183065245,69.9226331058129,6.85637222598656,0,IPA,1
315,55,IPA,3.960979990699826,4.983459400658592,65.26005861526497,19.91452970582084,1,Lager,2
316,30,IPA,3.513255321495649,6.195352872141604,22.79555926419101,37.34960171149422,1,Ale,0
317,62,Wheat,4.079156082711339,8.460041353891988,43.963940185281736,21.19074709734604,5,Stout,3
318,20,Pilsner,4.075677744859287,6.547032876141099,88.897247200442,33.616795171192216,3,IPA,1
319,65,Lager,4.426269870677205,8.841707725428002,24.69740146992157,8.919293237470212,2,Stout,3
320,45,Lager,3.8812770639475342,8.31289426622525,14.311259829740669,15.138858368337733,2,Stout,3
321,39,Stout,4.916043676003291,9.657036677266095,27.203632920115776,30.738891121511145,4,Stout,3
322,57,Pilsner,4.595300877207269,7.204936123515264,32.516200645737754,26.747398298217963,3,IPA,1
323,57,IPA,3.346868664892937,8.812887723926771,80.52782713892951,20.510343189528303,1,Stout,3
324,29,IPA,3.352630681964687,5.937442638022311,68.33273240703983,28.411990008644064,1,IPA,1
325,40,Ale,1.137068161408918,6.0744750705391874,11.560847212584296,31.98389061690857,0,Ale,0
326,48,Pilsner,4.994106310833417,6.403062781489033,11.556068746707698,36.41280482388655,3,Ale,0
327,35,Pilsner,1.5263039894645671,6.465494405788534,61.02067859200499,20.41242892766697,3,Lager,2
328,24,IPA,3.961388786526368,4.619519323995847,66.99631981404599,27.491339452585517,1,IPA,1
329,25,Pilsner,4.284060780497235,7.114593635991182,21.287969282399857,18.351109806469385,3,IPA,1
330,36,Ale,2.492218117220813,4.5808193156141535,64.94159368752034,37.44674526990143,0,Lager,2
331,46,Ale,1.787408218661255,9.338572814918583,31.631671937758608,21.823929247504744,0,Stout,3
332,61,Wheat,1.39503954716222,4.371068699339759,40.30492082144925,19.368304674271883,5,Lager,2
333,37,IPA,3.9944240233183113,6.698166581855853,46.79484223459072,37.88149402197878,1,Ale,0
334,67,IPA,2.8106141168227827,5.708164398342583,20.45753166108517,5.068644866783095,1,Lager,2
335,59,Pilsner,3.854871036004543,4.929216493926875,96.67842449004596,16.61898817248108,3,Lager,2
336,47,Wheat,4.661630595407202,8.703020145053273,97.63880082648048,34.33719493392776,5,Stout,3
337,64,Pilsner,1.5863349446042267,8.289594393517154,50.05015201804667,20.800692224703724,3,Stout,3
338,39,Wheat,4.676684002895199,4.875687341089079,33.17198302722472,17.193523487048044,5,Ale,0
339,27,Wheat,2.6465058380337467,7.796593846637861,96.27350018727802,25.57357449410087,5,IPA,1
340,43,Wheat,2.221068039589156,8.755331003982675,83.62516568924717,19.163653594925652,5,Stout,3
341,68,Lager,4.772249042411117,8.639993322219322,75.18057450024088,16.532626561625573,2,Stout,3
342,50,Pilsner,4.962606770425598,4.55367758598017,51.56306085498753,14.309065676559673,3,Lager,2
343,45,Pilsner,1.7955688710697926,8.113076314274657,46.95208312970549,15.956591526527784,3,Stout,3
344,27,Stout,3.627353387807933,8.296143525301462,80.14143450491666,37.34567103222371,4,IPA,1
345,46,Wheat,1.4259812550842417,9.172997602252163,56.7652309988164,38.588552600730296,5,Stout,3
346,61,IPA,3.603656015430023,7.04826603318992,69.45239249387274,8.459070882649348,1,Stout,3
347,35,Pilsner,4.309252911103399,6.766564001820144,60.95736834475707,30.73948590042012,3,Ale,0
348,59,Stout,3.7379941860962704,9.79069794951682,74.09668664362266,28.021694067027568,4,IPA,1
349,18,Pilsner,2.669332568250383,8.77907353443252,18.469450367056083,27.08390328914553,3,IPA,1
350,40,IPA,2.532265438255078,7.352385944838934,43.98589833722081,6.149517099629755,1,Stout,3
351,34,Lager,2.5724896608936683,5.9837024278676765,25.03802696588786,14.570887046619502,2,Ale,0
352,60,Wheat,3.3588472719716926,9.071427976021065,31.783951002118204,31.11360045324199,5,IPA,1
353,54,Wheat,4.526269080289982,6.7326183367864285,28.07418488843627,22.353239014550685,5,Ale,0
354,48,Ale,4.716264629075072,4.556111152948963,55.29900693734787,5.836092081958758,0,Ale,0
355,42,IPA,1.2141184808292724,6.729425636280639,11.709368965892684,23.428044422068734,1,Lager,2
356,21,IPA,1.7264895785827532,9.231810376900878,96.75708418075996,34.673170830998544,1,Stout,3
357,69,Stout,1.448897263313154,6.689692881366673,56.70674437686141,35.74470888582655,4,Lager,2
358,26,Stout,1.773338563067656,4.086094886442101,14.731436278395009,36.45190842212676,4,IPA,1
359,45,Stout,2.386431242436687,7.668911943498817,71.38484563255832,23.45663346927781,4,Stout,3
360,47,Lager,3.0261267304904957,9.974980020468392,34.19992450880889,21.34386563943378,2,Stout,3
361,64,Stout,3.5178449080366088,8.903491504243071,19.609083332958683,13.552061989333328,4,Stout,3
362,41,IPA,3.928568876558806,7.703427679708888,84.72733173774954,35.31271503097332,1,Stout,3
363,50,Stout,4.560446165543228,9.48639332078731,27.811684262289177,32.99500113626397,4,Stout,3
364,37,Pilsner,4.956353748919163,8.881490089906372,19.427884197366826,35.22512024501891,3,Stout,3
365,26,Pilsner,3.6514259142284793,6.9918361164402425,15.121580734344878,12.908073799241505,3,IPA,1
366,25,Ale,4.381458074671052,7.54732171244429,75.57019691807503,8.426602625763172,0,Stout,3
367,41,Pilsner,4.112155387698795,8.387756855218118,68.97441225904912,29.44557739191934,3,Stout,3
368,31,Ale,2.230128156874848,9.078556983873188,10.737922652746668,36.960291196538336,0,Stout,3
369,35,Pilsner,4.502769080939692,4.349058414260268,29.93324864034733,37.08018679252421,3,Ale,0
370,18,Lager,1.1710525517911954,8.648823142966906,73.42138280050746,23.50210149197943,2,IPA,1
371,29,Ale,1.0014693750058314,6.685020639869212,23.692676923355712,27.47368266687632,0,IPA,1
372,46,Pilsner,2.094930517553857,7.964791361809244,61.90757048135481,8.922841749757104,3,Stout,3
373,54,Ale,2.8483901185097995,8.5877980657531,29.184082007689657,14.635072488669794,0,Stout,3
374,43,Wheat,3.5534515800027093,7.23701155016469,50.431085632970856,23.82128421347152,5,Stout,3
375,50,Ale,1.4070810661781792,4.951089103482394,88.0680755621603,35.82691100662245,0,Lager,2
376,60,Pilsner,3.69204053533936,6.457160989109596,37.23367845708874,21.94489048667313,3,Ale,0
377,32,IPA,4.207263468238779,4.461237962514279,71.73751509327082,25.744788542573176,1,Ale,0
378,40,Stout,1.7412516783174672,8.135804146931584,49.4453109504521,6.943775238148341,4,Stout,3
379,46,Ale,2.6605010193271754,9.7222370917785,18.653972887133943,38.76288974922751,0,Stout,3
380,38,Wheat,3.079939959813239,8.77151687334512,42.457149428662085,22.234952796506565,5,IPA,1
381,36,Ale,2.8072280723379226,6.338718536722713,85.71520597132968,10.609465004646182,0,Ale,0
382,22,Ale,4.199319723553883,7.505748976032966,97.57416180414054,16.86398403239327,0,IPA,1
383,40,Stout,4.842089592477324,5.825204055081215,86.05735035544048,22.965756896706587,4,Ale,0
384,53,Wheat,4.19581265603272,7.24627359732979,24.60055516961956,9.848000816983143,5,Stout,3
385,37,Ale,1.3119712715032985,5.804361434707841,41.09583686041762,11.88263885835942,0,Ale,0
386,25,Ale,4.219742288636509,8.42994854079166,84.80693427460751,37.0563916653916,0,Stout,3
387,26,Pilsner,1.266385328942205,5.556049047922153,59.850634095618894,35.539340656019604,3,IPA,1
388,31,IPA,1.94388154096628,9.784122342603366,79.85672174029673,9.280573777694146,1,Stout,3
389,23,Wheat,1.6123875873428912,7.971692393041189,80.0004939955111,14.764926689089847,5,IPA,1
390,18,Lager,1.7900764273843417,4.412667086103062,16.397911056710765,27.24545195960186,2,IPA,1
391,26,Lager,3.1132605082294025,4.064666581034159,40.81659090409208,14.091377670597646,2,IPA,1
392,33,Wheat,3.686759430443415,9.982278065230602,53.111935490767046,5.072935756725295,5,Stout,3
393,33,Stout,2.881285129344164,5.323033469294761,95.07022494223492,29.542509831798743,4,Ale,0
394,29,Wheat,4.838782556116975,5.875376490743065,90.8405920914404,11.757750081719582,5,IPA,1
395,22,Wheat,1.9611692801206664,5.25048408521265,48.07287846380978,16.373444016389843,5,IPA,1
396,57,Lager,4.052560921019172,9.568610634827094,18.609933473822352,14.937775242866364,2,Stout,3
397,46,IPA,4.480728714028594,7.912077158011685,46.40880581923436,10.332921926590728,1,IPA,1
398,63,Lager,3.2482644430188765,7.026317941336664,58.23129993771527,9.7489786737249,2,IPA,1
399,44,IPA,2.8248900078462125,7.345904886955422,91.3957472259128,10.071972334251916,1,IPA,1
400,28,IPA,3.3847377871169746,5.907237083795124,36.539134042709534,38.862208985756816,1,IPA,1
401,64,Pilsner,2.715239080641372,7.685050014183048,37.79777311020887,30.43978091610516,3,IPA,1
402,67,Lager,3.2207755292934777,6.517602180729591,66.4464911093057,37.9026382429722,2,Ale,0
403,45,Ale,2.6677358085152063,5.195368878545075,55.46723995642411,25.003897561336053,0,Lager,2
404,69,Wheat,2.601878841176536,7.939630598259288,27.628206315292587,16.58530657063295,5,Stout,3
405,53,Stout,3.7813858725581193,6.243043415555272,23.025452395832144,10.73743975518488,4,Ale,0
406,59,Ale,1.3714048522718718,8.71039827470297,54.05474888248119,21.9174703410242,0,IPA,1
407,36,Lager,1.6661682909152833,6.492369745057163,80.14518607602524,22.26894786443636,2,Lager,2
408,52,Lager,4.404793886860016,7.049628250277178,80.09481264011087,32.21144394290266,2,Stout,3
409,69,Ale,4.0843093872607525,8.724798875085378,97.82233185885316,23.495381923478703,0,Stout,3
410,48,Pilsner,2.125814909177575,6.687268557518387,44.44463783421952,11.81976211974832,3,Lager,2
411,61,Lager,2.509075730663041,9.797326810744988,45.27903941292349,33.496674597454245,2,Stout,3
412,36,Pilsner,4.704106026513922,8.758172003170671,10.16375453024763,10.177060491674403,3,Stout,3
413,63,Wheat,4.272308900695445,8.958582431889871,84.69256286759403,23.511990378043794,5,Stout,3
414,41,Wheat,3.4573851999185234,9.723522800222366,68.19655996612457,6.486421919725951,5,Stout,3
415,19,Stout,1.885960715211831,6.3331037730592445,79.29299068587018,17.921333043473027,4,Stout,3
416,24,Lager,1.1770078852610784,7.480481585093025,52.35608799503228,28.51556099623754,2,IPA,1
417,60,Ale,2.7250313873675927,8.16155044477362,92.81741397767784,9.854797783728705,0,Stout,3
418,66,Pilsner,3.690508557029848,8.040750901243785,12.620241804944296,23.370799724494077,3,Stout,3
419,48,Stout,4.313921962071406,9.717620767366116,20.37530644640995,23.85937090960447,4,Stout,3
420,34,IPA,4.410756022969077,5.730091803270007,43.84156014743528,36.82742893624976,1,Ale,0
421,44,Stout,1.1311036051734535,5.748169171755952,17.659531730221488,21.332028079497213,4,Lager,2
422,53,Pilsner,1.9766281353475172,9.50802641223488,17.909909376856472,7.742280948725854,3,Stout,3
423,67,Lager,2.356378353909612,8.795833850359358,61.01854114154906,10.107805286959367,2,Stout,3
424,60,Lager,1.7549288438375434,5.220139744417587,29.45098176129257,14.646302404547177,2,Lager,2
425,27,IPA,4.211901513455351,7.420281268556605,66.38816895014165,32.963390614560296,1,IPA,1
426,62,Pilsner,4.06986305233977,8.47458240457797,93.64598399307324,13.928791499858423,3,Stout,3
427,31,Lager,3.067332161523883,6.118218342685054,84.14939887328163,26.330025212342065,2,Ale,0
428,24,Lager,4.931705911983422,6.60629350732834,32.35873487984274,7.743359139567858,2,Stout,3
429,56,Pilsner,1.576234164363369,7.452379669965357,18.06966335001907,12.075089685525896,3,Stout,3
430,57,Stout,4.598606813310676,6.802651345289263,95.51732213943282,26.66999890346811,4,Ale,0
431,26,Wheat,1.4658530166476649,8.518254340414197,99.50463382359924,8.434856384036614,5,IPA,1
432,31,Ale,1.6527268220564828,4.035632522098418,43.70454095186613,30.043990656141386,0,Lager,2
433,25,Stout,3.784876801002475,6.607795146346303,51.46095350283049,20.718507090011315,4,Stout,3
434,34,Pilsner,1.4382787681667573,6.025488251973229,23.080029519705988,14.785133798504472,3,Lager,2
435,40,Wheat,3.2633803816748435,7.654984316978961,73.91627134999132,35.58650882926291,5,Stout,3
436,33,Stout,2.6809341458906144,8.655750651288159,47.96502461675568,28.56053514214218,4,Stout,3
437,43,Lager,3.9138958621640594,4.456870973209181,82.27136307289683,7.24645338239414,2,Ale,0
438,26,Wheat,4.602700955235461,4.9483584016071545,61.95670402821133,28.456917326226662,5,IPA,1
439,53,Wheat,4.079486058676221,7.9904897448522,13.850542824997037,11.943273280686649,5,Stout,3
440,24,Pilsner,4.398759505684753,8.430414646092501,40.14590864532377,37.20906193972922,3,IPA,1
441,35,Lager,1.1317817941249295,7.529210662473012,82.77365536031382,10.380619631285215,2,Stout,3
442,25,Lager,2.2407819929768125,9.89682009380756,71.93024932455342,26.584134470645218,2,IPA,1
443,38,Lager,3.061732346745329,6.996768934639448,66.9278752641024,13.484227645494482,2,Ale,0
444,43,Wheat,2.663813258519118,4.817754010585862,70.52541780844703,37.97582687158051,5,Lager,2
445,20,Stout,1.9250198119187536,8.11774636222648,64.45331880612383,16.356351843447698,4,IPA,1
446,34,Ale,2.231496391840093,7.612453133168788,67.7011893928817,25.63727970794712,0,IPA,1
447,68,IPA,4.781723881566423,7.542528850181581,65.83789941767839,9.53282817001675,1,Stout,3
448,63,Ale,2.176723519485406,7.275121811478389,58.00851455541925,21.77802195154848,0,Stout,3
449,41,IPA,2.415616440719143,9.634574257297231,78.19724128846718,26.30927012238812,1,Stout,3
450,42,Pilsner,1.0148390950000747,4.774938380959348,43.25433071691087,31.974366618581417,3,Lager,2
451,22,Ale,4.3803105091114976,4.43918379114987,52.77145047764514,24.497362283974457,0,IPA,1
452,54,Wheat,1.6193628136063063,4.924703016263919,46.130460122772085,29.62595982277656,5,Lager,2
453,62,IPA,1.816577102054904,5.469941259429703,28.82894420097347,35.06785266554131,1,Lager,2
454,67,Lager,2.0210580683681023,7.557677916618815,38.97000662498959,15.449486071421976,2,Stout,3
455,41,Pilsner,4.5384882273793705,7.674551494580406,14.95135698489106,16.905842687568484,3,Stout,3
456,48,Ale,1.8258056449852589,5.395611264742506,39.29748705303497,6.0350847904777725,0,Lager,2
457,43,Stout,4.19010544347176,6.935352995865625,45.152478363981615,24.399163450289684,4,Lager,2
458,38,Pilsner,4.232197361291618,6.892371116606409,18.404568788394144,39.00358249212912,3,Ale,0
459,51,Lager,4.708082275145584,6.718664597711349,29.840961674088703,30.763594475530333,2,Ale,0
460,55,Lager,1.462245254401256,8.821271769475949,32.45875726985569,39.74049321740528,2,Stout,3
461,41,Wheat,1.869115889351325,6.830158419253792,30.472318738781997,20.902322672506195,5,Ale,0
462,45,Lager,3.971593168322885,8.550192975736996,41.51995313715543,31.161575246893328,2,Stout,3
463,47,IPA,1.7840030171229562,4.998886790828788,23.038849456297648,10.642289529175986,1,Lager,2
464,51,Ale,2.145318187493796,7.191804064439008,75.83512211600045,19.77022625718856,0,Stout,3
465,69,Pilsner,1.6669663204454506,8.944628656379173,40.838936978597786,27.52648554511084,3,Stout,3
466,69,Ale,1.6907867446201972,5.066299503497546,21.01287106195281,20.76092203150544,0,Lager,2
467,40,Wheat,2.926213418512823,6.789533012185974,63.42398031941046,6.040276444267459,5,Lager,2
468,25,Ale,1.438732248451834,7.654475896214301,26.168335760568045,16.08949133274359,0,IPA,1
469,59,IPA,2.286790473854489,5.108647449023724,15.225068860992437,28.66237149607098,1,Lager,2
470,67,IPA,2.706375638395516,8.540593635468419,24.696292782226852,18.83178022027038,1,Stout,3
471,27,Lager,1.0981924660959104,4.473977486777905,47.79953308442277,20.694173060521464,2,IPA,1
472,18,Ale,2.5533326658978104,9.678493053446314,72.41580747346921,34.96627116818321,0,Stout,3
473,37,Wheat,1.3764897443420678,6.809328965308815,67.7350796294134,14.428679062057212,5,Lager,2
474,54,IPA,2.9743141245847067,6.016738518192859,10.468538142384263,26.55760650848946,1,Lager,2
475,35,Wheat,4.302952754228386,4.700842042975842,81.39615872626774,34.6019694893435,5,Ale,0
476,38,Lager,4.273688648727148,6.595579858407188,40.21190006162447,33.25027194331852,2,Lager,2
477,66,Pilsner,1.321794062149602,7.95882417634463,71.17441218600129,13.35532832559303,3,Stout,3
478,21,IPA,3.4049110306980808,4.566923674854305,12.940585453623957,6.788141973017066,1,Stout,3
479,60,IPA,4.338345527884946,5.837614571006491,45.44094190350797,14.688972661673391,1,Ale,0
480,19,Pilsner,1.9518901717385413,9.016105496636268,11.764945118719272,11.174119183141258,3,Stout,3
481,38,Pilsner,4.047706045798396,7.877086153589963,83.47109816306038,5.969876232434908,3,Stout,3
482,54,IPA,4.563057385800374,5.238238071145744,26.827046246454792,15.652657522001489,1,Ale,0
483,22,Pilsner,4.224496605761777,4.965458774758535,70.70931167671826,23.228398649616032,3,IPA,1
484,34,Pilsner,1.429204126062018,9.426910157205398,34.93595464535004,27.76116425134265,3,Stout,3
485,66,Lager,1.0362399980895396,5.7221213280459065,22.18160029038829,18.226333153880663,2,Lager,2
486,65,IPA,1.7668964396873823,5.077001013391782,93.7265805141919,12.149902283872647,1,Lager,2
487,28,Pilsner,2.081909363786493,9.999784111255616,63.55221542079599,24.925711161830343,3,IPA,1
488,63,Lager,3.464731962463838,5.855150966667435,90.15679425690038,31.332820705674347,2,Lager,2
489,58,IPA,2.5370927009692736,4.748441126856182,37.59394614855752,29.32330907226737,1,Lager,2
490,48,IPA,3.813628122645894,6.770545778517683,84.6851800310555,34.99445949384146,1,Ale,0
491,45,IPA,2.4122998420864343,6.606070661190893,94.7514100065654,14.23534586179444,1,Ale,0
492,61,Pilsner,1.6177016986184012,9.560814854981986,45.56654441081094,22.60534412770284,3,Stout,3
493,49,Pilsner,2.2507593739441405,4.805229684857828,91.37179460786022,22.095309131058634,3,Lager,2
494,38,Ale,4.53729690555654,4.546818436775841,40.15771684111989,16.25539040074711,0,Lager,2
495,24,Lager,4.834129376980259,4.557872025440081,39.2139999214562,29.024734531772,2,IPA,1
496,27,Ale,1.830050936269474,9.42572479493342,99.6159404975586,9.698197168516806,0,IPA,1
497,45,Wheat,4.153873548097765,6.696215067766463,95.71694033596172,33.18021964500523,5,Ale,0
498,65,Lager,2.0933949461594827,4.903639168931354,30.57565113743275,6.281671095715398,2,Ale,0
499,53,Stout,4.54852617372563,7.562980590275743,85.34818243334308,18.5862947143957,4,Stout,3
500,37,Ale,1.6621824511850218,7.225740133904992,40.82120898768119,26.256212094784885,0,Stout,3
501,30,Wheat,3.663839674776228,5.190440486493396,98.13190365802242,19.852743047281795,5,Ale,0
502,36,IPA,1.33684505885273,7.618228836558226,86.4835865884057,27.94922509876781,1,Stout,3
503,67,Wheat,4.895573295895478,6.0413874059016734,91.44273711812843,6.358021521960176,5,Lager,2
504,28,Stout,3.8025333785621713,5.43022460638522,61.63061603406026,35.35061776738079,4,IPA,1
505,52,Stout,4.367262957620341,7.062403665394169,36.47362170890624,7.717999442314323,4,Stout,3
506,51,Stout,3.266677357452138,5.749895569098325,27.7772505739039,15.071121274066332,4,Ale,0
507,61,Lager,2.9072054557154408,5.332839530567279,57.50847284915198,15.267912054960265,2,Lager,2
508,21,Pilsner,3.4875295655774603,9.278334449798043,70.43641527096841,5.41347730100129,3,IPA,1
509,30,Pilsner,3.114966046797792,4.934575459440504,76.76097716113306,8.290835818074994,3,Ale,0
510,54,Stout,2.877537420580612,5.683539863708995,25.33448913066665,34.815937519622565,4,Lager,2
511,19,Pilsner,4.037801005830572,6.316830279098954,58.22991933139559,32.153519671698675,3,IPA,1
512,67,Wheat,1.7128038197570723,5.641829861800137,49.24988380856962,30.82977178123291,5,Lager,2
513,18,IPA,1.684688192620634,5.264263855466618,28.74017898800308,29.12536710883025,1,IPA,1
514,57,Pilsner,2.7273706025988247,8.626876582327528,59.76660856229415,7.60855293905777,3,Stout,3
515,42,Lager,2.282991664179784,5.974096952341489,34.83223496258117,15.453010199795346,2,Lager,2
516,54,Stout,1.2964980716520964,4.675077746196031,58.15491013985952,5.2300647177713655,4,Ale,0
517,53,Ale,4.377881969674938,7.245370974740174,28.00984104107896,7.118235727397121,0,Stout,3
518,23,IPA,4.086411226777399,4.752930983418462,90.99482832242246,6.326065852654823,1,IPA,1
519,24,Ale,3.175685999211939,6.145117644645568,40.42925424276315,11.962690151447966,0,Stout,3
520,21,Stout,4.917298149057476,9.290960573633704,64.93011423920137,6.9699241496785085,4,IPA,1
521,52,Wheat,1.2904002661904213,6.214967170637318,20.97396886779063,5.590932455015205,5,Lager,2
522,58,Stout,4.0666772041115,7.7950538457295,66.70154732756205,13.572015606816835,4,Stout,3
523,51,Ale,2.0654815664363877,7.087753216051787,34.483630536226755,32.95988732479367,0,Stout,3
524,46,Stout,2.4743956797743016,4.826349074667854,96.08784313340504,6.970885163765951,4,Ale,0
525,22,Stout,1.8771175408122704,7.894417586745011,45.47388394371978,39.45922320112474,4,IPA,1
526,44,Stout,4.156151565847461,9.136209981602835,64.66659010406721,28.015413274285404,4,IPA,1
527,50,Pilsner,1.576960408086264,4.559274844272064,29.42320290969667,35.33873082087993,3,Lager,2
528,63,Wheat,4.360066790941112,8.522080534778748,87.532858258876,28.12453351520194,5,Stout,3
529,69,Pilsner,3.646310592919336,8.141267689113869,82.38996263084196,32.19058089521407,3,Stout,3
530,27,Lager,1.236092981076459,9.199963449982874,32.10717810481944,15.527259914901324,2,IPA,1
531,23,Ale,4.243926926400613,4.6245515928008025,91.99436572054952,14.006364458826178,0,Stout,3
532,51,IPA,3.5110228646519177,5.834172276380073,13.613951983071493,28.254874219112597,1,Ale,0
533,25,Ale,4.619929278313366,8.165748923358244,77.73158084650657,24.710402368859107,0,IPA,1
534,48,Ale,3.994889225634553,4.132107873319901,51.20819068083799,22.698214019188686,0,Ale,0
535,26,Lager,3.2444837097190997,8.404454066382932,85.19134550292677,11.203933594260915,2,IPA,1
536,38,Wheat,4.346188722476791,9.147871474006726,51.89373706924072,13.072698312174827,5,Stout,3
537,25,Pilsner,2.1122009532048884,6.719824314260546,15.902388610336269,24.24037892844972,3,IPA,1
538,21,IPA,3.1878002473782545,6.605979420559913,30.389097906626223,19.347131443670094,1,Stout,3
539,39,IPA,2.1744672792136406,5.670813772416196,99.49373512452446,38.68793030024671,1,Ale,0
540,45,Lager,4.872817564362035,4.030311220030524,40.075984249243184,24.34878244915093,2,Lager,2
541,62,Stout,1.9047852033680253,5.117821099998136,24.42746953228896,20.10990824176863,4,Lager,2
542,21,Ale,1.06295295868185,9.879184710534227,82.524774322494,38.27095986319817,0,IPA,1
543,56,Ale,2.303419368015185,9.20371646272814,14.056284465145072,8.206484778656357,0,Stout,3
544,38,IPA,3.0100375878792187,5.599027832493528,15.976787632188632,14.512369701914428,1,Lager,2
545,25,Ale,1.1134517369203003,9.782493142726278,36.77669015089295,17.12380524889395,0,Stout,3
546,37,IPA,3.2369932001356294,6.206275695719715,14.266087717185703,34.872591625393326,1,Ale,0
547,49,Pilsner,4.497131099804921,5.7855122485070805,99.61414155030752,31.824419438523087,3,Ale,0
548,18,Pilsner,3.818928777666681,4.916845812699311,72.20159974739192,15.664996118718014,3,IPA,1
549,23,IPA,3.491873291913217,9.409666417064043,56.76277967716214,35.53971751353546,1,IPA,1
550,45,Lager,4.823847002833006,9.921954946401156,82.46497509606372,7.189483279534007,2,Stout,3
551,61,Ale,4.833117335368423,5.964468424316094,69.62381205507403,22.271342903224017,0,Ale,0
552,48,Wheat,4.297065878812914,8.220582540150561,25.59384583083051,27.91394831859266,5,Stout,3
553,27,Wheat,3.430967389543404,6.011820458857327,29.76704196840004,15.92680100313264,5,IPA,1
554,37,IPA,2.951058237990827,4.629944435832732,88.09248571491624,7.420987533685725,1,Lager,2
555,25,Lager,1.0532644529858692,6.356153841293944,40.32651940964392,14.000610827933528,2,IPA,1
556,39,Wheat,3.4250476249061657,7.309419764567056,50.28763083623905,21.932012035759644,5,Stout,3
557,55,Wheat,4.956352301427415,4.738100555058965,45.20221409110119,16.133722602488085,5,Ale,0
558,46,Pilsner,4.272404200096116,8.909636648738566,14.682683080453817,19.54851497630152,3,Stout,3
559,26,Ale,2.362418575537408,6.9841787013597365,73.41163455552575,8.25936162001996,0,IPA,1
560,61,Ale,1.608188100177688,5.406297715027438,58.60666727075941,5.499574022208963,0,Lager,2
561,64,Pilsner,4.136234457868616,7.55655747125766,70.85260736325372,35.71644266553414,3,Stout,3
562,18,Stout,3.975751282526966,8.759555836326413,35.0408250700429,7.733911104884021,4,IPA,1
563,58,IPA,4.868187167917292,5.965746094311855,46.62225174942792,15.248860158967084,1,Ale,0
564,69,Lager,4.499369447757355,8.208857946403565,27.33847860444832,28.241588081259145,2,Stout,3
565,56,Lager,3.2226505010896296,6.567155079884124,47.7714368293478,34.5576550611156,2,Ale,0
566,43,Wheat,1.4051369878589686,9.784307013073605,68.81422706173305,16.24419578388897,5,Stout,3
567,28,Wheat,2.93400263353584,8.62564051961639,95.02201388732212,27.82239756192088,5,IPA,1
568,69,Stout,2.254780216089268,6.1381054151321255,69.7111479897407,21.524595263308505,4,Lager,2
569,52,Lager,3.049633928099359,4.106487754370573,57.264375699369886,6.785456157518127,2,Ale,0
570,41,Lager,2.2068062985586128,7.945119372282567,47.47305002483452,19.292705110654,2,Stout,3
571,50,Ale,4.447291967902383,5.187232951509114,19.49947158348823,6.044681836297615,0,Ale,0
572,37,IPA,4.377308055931289,4.731275053894796,52.93668672387913,38.74666041273805,1,Ale,0
573,44,Ale,2.261860628668224,9.590658708380762,23.95972838445794,31.67643299981012,0,Stout,3
574,32,Pilsner,3.39832538549598,9.9996938212895,62.39684647711811,16.875231535170126,3,Stout,3
575,50,Wheat,2.7207234305562165,5.619332923386311,75.72223698495256,13.21591505049004,5,Lager,2
576,69,Ale,4.636371028114253,5.810611312995628,95.18460505193733,19.01145090558912,0,Ale,0
577,24,Stout,1.7494436057052911,4.989933635429012,36.716758091916994,16.06575600417748,4,IPA,1
578,51,IPA,3.790913607139837,6.746108655577743,45.72149848817797,17.977804308747,1,Ale,0
579,62,Stout,4.881501311348867,9.195062559014485,26.465674557279904,37.15500503102365,4,Stout,3
580,68,IPA,1.7011020782523607,8.209035712749266,89.01464588923893,19.158380025771777,1,Stout,3
581,63,IPA,1.8078657136968128,9.077989348459525,84.16695020044806,30.948982192251,1,Stout,3
582,59,IPA,3.774893354688912,5.370889934041482,79.74639052059123,10.488455731248296,1,Ale,0
583,22,Lager,4.116615698099656,8.382736404450881,15.15610346949112,23.678837677440452,2,IPA,1
584,47,Wheat,2.962196219175731,9.51115977037636,60.10474977774295,22.280688721472064,5,Stout,3
585,45,Ale,3.4387458605884853,5.688496685286342,31.151220583192217,25.69311813465232,0,Ale,0
586,35,Lager,1.850729635247315,8.14392126154711,20.771667705007623,28.79606214525022,2,Stout,3
587,53,Wheat,2.906456914269304,6.403944470139127,80.34517901650504,35.1356804635109,5,Lager,2
588,20,Lager,1.4482875234996606,5.741359870953536,29.04232375969137,13.048853635782995,2,IPA,1
589,38,Ale,2.285687701102659,9.817740812526097,55.07305284229026,18.35369387303909,0,Stout,3
590,63,Stout,2.139118820123817,6.091799379809756,57.34867135604867,7.001397579515031,4,Lager,2
591,33,Wheat,2.77850144040968,4.647098087564124,29.195380363507443,26.846344796070944,5,Lager,2
592,54,IPA,4.720505448974787,6.331535257722013,54.303504969014405,37.71659700176767,1,Ale,0
593,59,Stout,1.7250706485913696,6.686069745759895,14.753790783999726,18.86689880543247,4,Lager,2
594,22,Stout,2.605552986498882,8.513264952995428,10.006520467464297,39.01128784703438,4,IPA,1
595,67,Wheat,3.462388876438579,9.699485601682015,89.22897384979332,25.92563356338458,5,Stout,3
596,68,Pilsner,4.786228344296006,8.902341902765276,47.4029831877537,12.393634825255688,3,IPA,1
597,31,Wheat,1.5325927661430727,9.585647867530636,91.667781905802,23.53351588383437,5,Stout,3
598,48,Lager,4.671506467972455,6.850360779849586,54.66766237554336,27.401594093288345,2,Ale,0
599,63,IPA,1.3242151545362462,8.315899409418606,48.79974651293483,28.319549133050952,1,Stout,3
600,41,Ale,2.9229655886410577,5.854297510074415,36.632092659274655,27.33146329244775,0,Lager,2
601,52,Stout,2.818359468921931,4.417522651114108,17.352004383373487,11.63648892684596,4,Ale,0
602,53,Pilsner,1.8384109155087824,6.192841151955961,37.87251843380697,12.2908705288413,3,Lager,2
603,27,Pilsner,2.38983867246339,8.187491369969786,64.76232386564575,13.451206779455912,3,IPA,1
604,44,Stout,2.8166610733935924,5.647732661488263,78.65077125006903,30.65478704347005,4,Lager,2
605,44,Wheat,4.460845851642517,9.168435373849125,58.674296588845934,22.477408345339853,5,Stout,3
606,40,Wheat,4.820256581494239,8.74463709989741,78.2430259326777,28.493945104240808,5,Stout,3
607,30,Wheat,3.075702714548661,5.164255295107617,24.197643249308868,32.97771936472502,5,Ale,0
608,33,Stout,4.480399161177687,5.985020574944841,62.49159385112564,24.742433214044382,4,Ale,0
609,52,Wheat,3.4326863427071177,8.95181570529455,89.43429043231393,21.48993643211666,5,Stout,3
610,44,Pilsner,2.3963493679507017,5.463626737067797,29.616418687672304,19.08802839482504,3,Lager,2
611,69,Lager,1.7767768304538762,5.989612874002784,30.490204455369128,23.76920045341486,2,Lager,2
612,56,Wheat,2.6525390871310592,6.058401594538521,77.35892617612456,10.235246813569876,5,Lager,2
613,64,Pilsner,3.091297131695391,8.8062521669546,83.08511063639159,32.525592596067,3,Stout,3
614,34,Pilsner,1.1777735530382247,4.222181593630101,32.324169672468926,36.946573295404846,3,Lager,2
615,65,Pilsner,1.5833646634834029,4.442721898728486,39.8412823769,33.43277626176724,3,Ale,0
616,58,Lager,3.40073769592576,7.470709288977625,66.85924604055506,33.76634483315374,2,Stout,3
617,18,Lager,1.9000063787086483,6.3826719459764,45.858854187027084,34.02904944255361,2,Stout,3
618,28,Wheat,4.34930550432519,7.797311917664246,66.16098731163277,11.147719049933084,5,IPA,1
619,29,Lager,2.3077689990967625,5.598767657076297,54.67870288870526,39.853445531914566,2,IPA,1
620,31,Ale,1.4193368290130035,9.457496064889364,79.62861781708526,28.00150266618049,0,Stout,3
621,25,Ale,1.334122354221268,8.565651323046737,86.12997822219918,19.732447242796404,0,IPA,1
622,48,Ale,4.748492082127118,4.406477323302376,87.7444488374644,36.08083482934626,0,Ale,0
623,24,Ale,1.472081244967517,8.703432863710205,65.03725699568588,25.382294554622955,0,IPA,1
624,63,IPA,1.56363905664824,9.817494233873507,65.13256940673253,39.77685781757256,1,Stout,3
625,48,IPA,4.450664231731012,9.654613723524838,50.46822089374652,31.322579305757145,1,Stout,3
626,33,Wheat,2.017152521109376,8.412902788152685,12.48526404669749,17.86287482409042,5,Stout,3
627,59,IPA,3.663805643017664,4.741562520887293,36.92621975169362,30.9896778855875,1,Ale,0
628,56,Stout,4.266902748119565,7.456460595042724,15.732794665066672,30.55384902787716,4,Stout,3
629,61,IPA,3.4287225605207685,5.705396373042933,49.40067239737778,15.954677222187922,1,Ale,0
630,36,Wheat,4.829954173791398,9.821277661817485,86.45367240843528,35.94613342998892,5,Stout,3
631,25,Stout,3.835531597043365,8.304914352169657,63.71218159343391,9.926772072855275,4,IPA,1
632,46,Pilsner,1.4510060396146334,7.664593538724516,70.79793384426013,17.78457301813799,3,Stout,3
633,19,IPA,3.23364010618352,8.170528255628358,26.920717459936743,27.269596685973298,1,IPA,1
634,59,Lager,3.872746104356736,6.627874774658083,33.575783473251484,21.769869172289617,2,Ale,0
635,20,Wheat,4.207828961493781,6.23642050862564,24.681893767560503,28.735456415506896,5,IPA,1
636,68,Ale,1.105285341136366,9.614797476639785,85.84198860343876,39.90737883755418,0,Stout,3
637,46,Stout,3.875515661085698,5.99156280875612,35.228171168874326,7.729882297138944,4,Ale,0
638,32,Wheat,4.302723284077798,4.248616790396316,60.60936787311063,31.56391005914656,5,Ale,0
639,55,Pilsner,3.987335243741426,6.405040924926745,22.701575171710765,33.609857799282736,3,Ale,0
640,45,IPA,3.0493965826223923,8.742042115730033,21.15900174945805,14.87705044597008,1,Stout,3
641,54,Ale,2.832083852355212,7.890810148293516,41.28250268944157,13.930461834214894,0,Stout,3
642,49,Lager,3.1976743331992634,9.773024652867248,39.73178422540156,20.447516797993863,2,Stout,3
643,47,Pilsner,3.818574795306408,4.637211205714825,39.59679104302671,18.784986515765105,3,Ale,0
644,68,Wheat,4.691657162529942,9.4692778133763,64.08395083177805,22.77366736467544,5,Stout,3
645,64,Lager,3.4681408425645,6.213095163484373,38.43911404364,12.405447053979056,2,Lager,2
646,47,IPA,4.551337225133878,6.844015512531474,79.18622820772941,22.283016626226445,1,Ale,0
647,68,Stout,3.805027389782909,6.570892926935406,18.16036914219772,33.44633479824595,4,Lager,2
648,51,Pilsner,1.2733455097553903,4.698713686554648,39.23072719638657,35.9009187293739,3,Lager,2
649,30,IPA,3.0033127600064877,5.486778734351132,70.22738156518565,28.336679186399863,1,Lager,2
650,50,IPA,2.1459453932609693,8.453629415378753,64.2638899429777,15.084566238182187,1,Stout,3
651,59,Stout,2.140699712530289,4.138045251074171,20.75640565303498,35.563579141961284,4,Lager,2
652,34,Stout,2.4237102048639367,4.803326646317647,49.552614382135374,19.74297688481465,4,Lager,2
653,20,IPA,2.258931088001903,4.1512610127481,37.829931658708304,13.113251659270968,1,IPA,1
654,26,Stout,3.3144399204684007,9.144328343941297,66.86833890832953,9.71090581527891,4,IPA,1
655,69,Pilsner,3.734406001414228,7.703948966690678,21.688325161552328,38.65841002799812,3,Stout,3
656,28,Stout,2.074997548306942,5.019571972711353,70.35093306853369,8.079270406265804,4,IPA,1
657,66,Pilsner,1.5190504902735251,8.61263333832252,51.74492781428108,23.541616272715476,3,Stout,3
658,44,IPA,1.2352348837378484,9.800803584709325,34.74009891273313,12.076204504501703,1,IPA,1
659,45,Ale,3.303011380122209,9.60736224718011,77.26995942976684,35.38981384117014,0,Stout,3
660,19,IPA,1.7445206653320096,9.529285286872993,26.91188697819215,11.80843427283106,1,IPA,1
661,18,Wheat,1.0369919768947975,4.04686129243446,23.701414470674663,30.776791578432757,5,Stout,3
662,23,IPA,4.711012317294816,7.534080933911671,11.382034290809123,10.779058894408069,1,IPA,1
663,42,IPA,3.1485616763329625,5.539795699834175,87.51703206814318,37.83392870438144,1,Ale,0
664,52,Pilsner,1.369792720987891,7.387883285859153,54.3128986642094,28.216374980493992,3,Stout,3
665,33,Ale,4.371684448509941,5.908181734963328,56.504404838939095,19.52923027386952,0,Ale,0
666,21,Stout,4.932810953160472,4.921999256635676,20.328635503525177,38.68688784075151,4,IPA,1
667,64,Lager,2.794402648070869,6.66696234015008,19.69985224428646,23.34178015452955,2,Lager,2
668,55,Pilsner,1.169958432952633,6.970577963058241,40.04050644052326,18.442580525911808,3,Lager,2
669,61,IPA,1.470183763024254,9.938593041085747,56.46075796167503,10.686642619271094,1,Stout,3
670,37,Wheat,2.5266149865817287,4.254327304831241,73.07849971390146,30.238126072998792,5,Lager,2
671,42,IPA,4.542090549795509,5.80693119338366,54.93433208616356,25.87165303263534,1,Lager,2
672,24,Lager,1.5921547171110482,9.111363070529936,84.84025879351366,12.801249644229808,2,IPA,1
673,38,Stout,4.295960376010783,7.958172988756257,43.965309857229016,13.748664212712242,4,Stout,3
674,24,Ale,1.0599050408760775,8.960098191075375,12.527919275923132,12.713374488996488,0,Stout,3
675,46,Wheat,2.829554795143244,7.961745511358667,48.35370475235015,22.35446527436278,5,Stout,3
676,69,IPA,3.5775885638022724,8.557217854876797,17.65023663856294,6.655125953670132,1,Stout,3
677,24,Lager,1.2415179281023856,6.957530499982344,38.98489846273225,15.123661959518408,2,IPA,1
678,20,Wheat,3.4590510024659467,5.2292661573855845,98.66392148065668,30.78183803990754,5,IPA,1
679,46,Wheat,4.777616485878225,8.8600231650232,87.16188314089389,26.743046616643618,5,Stout,3
680,46,IPA,1.6410396805463805,7.406923927983815,31.28101418430451,33.65086505766111,1,Stout,3
681,56,Lager,3.918445532141411,4.837031162720978,43.83661881814379,31.068873422052743,2,Ale,0
682,55,Stout,3.4363755917741736,8.829364161225197,48.80486178498797,5.744706807611938,4,Stout,3
683,23,Lager,1.7404655555169222,9.751515462175467,78.74815399301671,24.93491969392844,2,IPA,1
684,63,IPA,1.024813658837464,6.076983235770795,13.011141503850858,20.34458543811669,1,Lager,2
685,27,Pilsner,1.0371378020237083,5.761073512518661,13.476049302511305,17.645501532034018,3,IPA,1
686,54,Wheat,3.1283696366881144,4.490651069245397,20.54060807758439,39.733355526146354,5,Ale,0
687,31,Stout,4.771117638244775,7.986947358696494,66.54924843265667,27.99371797643357,4,Stout,3
688,39,Lager,3.5771945098624496,9.75376971097898,47.309195552000254,13.787452559854042,2,Stout,3
689,49,Pilsner,3.857199385174975,4.8159561399496456,86.40330658861005,23.650312054663285,3,Ale,0
690,35,Ale,2.9754619476821484,6.910957787915893,35.565210120505355,8.333117658711434,0,Lager,2
691,53,Ale,3.3275557705382792,4.589429107919488,54.03268268284904,31.08456479222265,0,Ale,0
692,63,Lager,1.505470101322414,4.204659422258895,73.61071493767699,17.16781088671145,2,Lager,2
693,69,Stout,4.507282481602523,7.987006304005872,59.06810774485084,10.910918049359257,4,Stout,3
694,26,IPA,4.043170514667208,9.206123052060988,38.51199799812634,10.684751204280662,1,IPA,1
695,43,Ale,4.992795811378438,6.025423216756178,23.72884917520157,5.533010287958106,0,Ale,0
696,39,Pilsner,2.1908917902224854,9.254591046460597,58.654307676197085,32.225808863998324,3,Stout,3
697,63,Pilsner,1.9080710871842317,4.702318594906192,22.794085203593344,30.504495649305444,3,Lager,2
698,55,Pilsner,1.5006466318453715,5.427764091504857,94.53740137223012,21.9759062374859,3,Lager,2
699,40,Ale,4.856839026464179,9.40964036144031,58.59015495495763,15.7087664566377,0,IPA,1
700,34,Lager,4.123540738512094,7.051059362144022,25.74237743712336,18.706407845557308,2,Stout,3
701,43,Wheat,1.6652984548785548,7.649154302782144,74.85782922252167,35.9430972179178,5,IPA,1
702,64,Ale,3.210745884432856,4.228109395255047,19.3192474887795,9.245492027800717,0,Ale,0
703,55,Stout,2.655072832269107,4.7703394608873335,79.44803109766181,6.034765904417211,4,Lager,2
704,19,Stout,1.6059440312247713,4.334744875005119,51.15601999711393,12.55035573983987,4,IPA,1
705,23,Lager,1.648291940119862,9.430004439698015,21.93957599612788,23.223997165983523,2,IPA,1
706,24,Pilsner,4.853879978980743,4.808769783225682,13.348993267792135,5.2689021368230495,3,IPA,1
707,30,Ale,2.219856731830889,9.098036959652529,99.40401943209146,8.649265695020244,0,Stout,3
708,44,Lager,4.7657571667357725,6.106208196234719,34.69314610788682,29.425239365334917,2,Ale,0
709,28,Wheat,1.3024426922603376,8.80358497819468,95.70237598645356,20.68219999926628,5,IPA,1
710,32,IPA,2.8432121691727623,6.190261284740484,55.16527030633457,38.20236360049996,1,Ale,0
711,26,Stout,1.5184761940670404,5.606104238157259,55.27138455329334,36.8768298660914,4,IPA,1
712,25,IPA,1.019149540964689,4.561964207134343,18.196274653492004,14.6760263740366,1,IPA,1
713,63,IPA,3.2150642948243062,5.684239543444802,95.56352369541776,18.22005755206485,1,Ale,0
714,23,Wheat,1.4555764192454537,6.82887830030368,75.96062780950781,37.13601059681762,5,IPA,1
715,65,Ale,3.888098123734719,8.905052793380772,56.685505434359605,25.27401581511226,0,IPA,1
716,60,Wheat,3.792465502827598,6.715089728612187,20.823142516649742,17.940266771783076,5,Ale,0
717,21,Lager,1.7053316298579566,9.828613449625704,25.81089125394569,33.01423468742324,2,IPA,1
718,28,IPA,4.766968573062067,7.249798065128938,48.894994462760536,37.35764376607965,1,Stout,3
719,68,IPA,3.8841736337299584,4.14967377886866,42.60329386589952,28.572257264625247,1,Ale,0
720,45,Pilsner,2.19188105662772,6.492203801147634,60.23242061841994,13.081625221386556,3,Lager,2
721,43,Pilsner,3.8369350558031625,8.133394644319083,16.870957728148788,33.67411805460064,3,Stout,3
722,21,IPA,3.927721110726144,5.405749877498948,13.631141738650584,19.71841564949049,1,IPA,1
723,32,Ale,2.3689053250038423,8.191779705088951,55.99927780210488,29.43163029693657,0,Stout,3
724,36,IPA,2.502354249845837,7.022183831089097,12.565124283616504,22.022376573422573,1,Stout,3
725,23,Stout,2.4364260306132004,4.154426653498692,15.35967586091585,37.93027165461032,4,IPA,1
726,22,Lager,3.4664737742082963,8.646117696881234,43.87073123713657,7.393133418155841,2,IPA,1
727,35,Ale,4.601640586160718,7.362242222884451,15.560116276132176,10.452884654262638,0,IPA,1
728,23,Wheat,1.6927729449143505,4.49496101848656,44.69226639547151,11.809889163565009,5,IPA,1
729,48,Pilsner,4.500798439345274,6.851284200773637,31.75754643184928,12.735017733082543,3,Ale,0
730,42,Wheat,1.11061262602137,5.72375729064848,26.89932673981789,13.239966642616174,5,Lager,2
731,21,Lager,3.6413543839128897,9.2780892555276,46.42118483376365,10.349757169950664,2,IPA,1
732,23,Stout,2.6577554927587768,5.709562316843492,20.791351506813136,29.252114332252976,4,IPA,1
733,58,Ale,4.165126208929975,9.650122425845192,41.46754304073437,12.635451189373285,0,Stout,3
734,54,Ale,3.884792451723612,7.276796496082675,49.13862664299426,13.240871835777556,0,Stout,3
735,67,Ale,2.920431228580736,5.941682257280328,84.70026522641241,11.90858917777399,0,Lager,2
736,42,Pilsner,3.575456146890387,8.881270104505465,93.9525564234,18.954052689189268,3,Stout,3
737,51,Wheat,3.007092522799781,8.184402270194596,37.75045910196093,38.55075860452219,5,Stout,3
738,36,Lager,4.246073882487533,6.483774974175277,36.337784476639264,17.837307684320372,2,Ale,0
739,51,Stout,2.904335943872928,7.777709816239559,60.98664468440963,15.416846288244836,4,Stout,3
740,32,Wheat,3.092623959968303,8.671505584169687,22.367298376029147,7.400985681639861,5,Stout,3
741,67,IPA,2.0020823456687142,9.109346765700936,41.47409662552516,17.33846360737315,1,Stout,3
742,25,IPA,3.4201720672418894,8.898476282284381,14.789474124571662,13.12686162041862,1,IPA,1
743,61,IPA,2.21161923467934,4.996462531560508,44.11613294039149,31.7024568307584,1,Lager,2
744,64,Lager,3.309136058171928,8.970337315021514,20.27362111507994,8.906990494969147,2,Stout,3
745,66,Ale,1.6787124622962797,4.351774353302632,60.56316206220664,10.028836468397175,0,Lager,2
746,51,Stout,1.6378763693646352,5.201024089303411,67.74343609560955,14.747860530733986,4,Lager,2
747,35,Wheat,2.668118964767974,7.737560320395935,98.83823830090262,15.08093902673568,5,IPA,1
748,47,Pilsner,2.707278060442164,4.688155152681426,27.5624796033496,34.620672784363954,3,Lager,2
749,30,Wheat,2.072437059650156,7.6200855703372,28.648193392221756,32.69492797576706,5,IPA,1
750,64,Ale,1.52638740146676,5.847794148181382,95.26775667307886,25.25224716218289,0,Ale,0
751,50,Pilsner,1.1568421568555882,6.57679951092789,87.81767546111365,15.100603760101633,3,Ale,0
752,52,Ale,1.1009273091512646,5.8909090206728685,65.4448644493497,16.16074236238473,0,Lager,2
753,69,IPA,2.0862011600259027,4.421041407189427,85.72665130751881,25.72763962439256,1,Ale,0
754,41,Ale,2.8474137686477485,7.004552517531765,28.87229302493396,30.89532955676884,0,Stout,3
755,43,IPA,3.904973125224508,9.781596666369325,88.66259405770924,18.44343192879573,1,Stout,3
756,64,IPA,2.899486802856036,7.670700088960762,88.05767587071765,22.83467100255313,1,IPA,1
757,68,Stout,4.616203277741127,5.800191229702752,32.33010236320564,36.08115977864429,4,Ale,0
758,61,Stout,1.1408792183016283,9.736899004744114,55.75359828338918,27.742679984795075,4,Stout,3
759,59,Wheat,1.7226424861625371,6.335423511713364,93.6796837501904,23.744254621466503,5,Lager,2
760,64,Pilsner,2.3540579710805707,8.185106403213062,71.12349965507366,7.492786139966193,3,Stout,3
761,18,Pilsner,3.30998475226049,7.804676829534666,69.44671947886664,11.160532412226884,3,Stout,3
762,30,Lager,4.41094463157577,9.717465088233109,60.37881405079293,12.034705433546817,2,Stout,3
763,27,Lager,2.4008078078263058,9.487616166969024,34.19484082239252,26.810190235830312,2,IPA,1
764,36,Pilsner,2.0719547300176804,4.888024338100188,98.0573834360133,8.783946309659251,3,Lager,2
765,22,Stout,1.247556675371583,4.514115248376535,50.27586810599646,6.014820449356927,4,IPA,1
766,25,IPA,4.285213910792416,8.857853966792977,38.03050868976675,17.612269517815285,1,IPA,1
767,21,Lager,2.518665772826716,9.42965927978094,75.57226387135994,30.16007124780827,2,IPA,1
768,66,Stout,3.286200781667737,6.957841623537397,64.69343319344208,29.26372740057208,4,Ale,0
769,30,IPA,4.934221672684881,8.14456764300265,40.801717738415135,32.743462318263624,1,Stout,3
770,55,Wheat,1.0063782824171783,4.418729681070509,37.34124317713336,29.368688969425836,5,Lager,2
771,63,Lager,1.581800562795464,5.318826387138831,29.30560166462791,26.464995251051167,2,Lager,2
772,66,Stout,4.116443976077422,4.896257167940327,17.063779306623353,22.015673386517584,4,Ale,0
773,63,Pilsner,4.220509940831351,7.6069635013002035,66.31398158673329,12.297441217078967,3,Stout,3
774,36,Stout,4.076988476131022,5.185239362596643,55.51242743293797,24.899181954981632,4,Ale,0
775,69,Wheat,3.147995564171317,4.359077893305104,31.13635696775615,27.28186618729194,5,Lager,2
776,67,Lager,4.915427924092224,5.813243696416064,14.96120730250264,9.331016494515069,2,Ale,0
777,25,IPA,2.584738239981282,8.063274574683717,11.701096143738733,24.78015685110972,1,IPA,1
778,44,Lager,3.4077747924524493,7.467182345571127,76.46463366986056,8.421204961774306,2,Stout,3
779,67,Ale,1.2534760181953932,5.984349792967815,26.9427870239653,24.14768808072721,0,Lager,2
780,64,Wheat,2.639429799629355,9.00087325506026,33.9979257450556,10.562161185652451,5,Stout,3
781,47,Pilsner,3.890000350039688,5.6576146480725376,11.270097440253672,9.165474152291656,3,Lager,2
782,21,Ale,1.9549553630827967,5.563285830194095,23.557514934896098,8.958501960484284,0,IPA,1
783,28,Lager,4.775310356292594,7.359684464737529,88.70011458062463,36.88588594908174,2,IPA,1
784,38,Lager,3.747133470573156,6.869293839074654,31.7854751268212,25.93305611083548,2,Ale,0
785,60,Stout,2.150301531430286,6.6758359636021645,95.85623786347648,13.755555277074864,4,Lager,2
786,19,Stout,4.075995690823426,4.934713713724403,24.79121545601251,7.5007107297232,4,IPA,1
787,38,Ale,1.3326590872324364,7.027877149797947,32.79353127936799,23.76634964792359,0,Stout,3
788,34,Wheat,4.899097690041826,5.554113503652665,88.09389716292932,10.0681039806883,5,Ale,0
789,60,Stout,1.197141036294234,6.3530792957140925,48.3947504822639,32.24410270415753,4,Ale,0
790,68,Stout,4.733823564594873,8.401422686023638,34.10460452742453,22.363837981063256,4,Stout,3
791,46,Ale,2.0114155109930447,9.621176953356134,72.35323864481617,30.425710970006893,0,Stout,3
792,44,Stout,4.031296430763562,8.643177791135946,14.610556358401585,18.850430958704973,4,Stout,3
793,41,Ale,1.0002947977324244,6.433803367739582,90.15446589206542,29.58129606171262,0,Lager,2
794,66,IPA,2.016960356718399,7.558198835972584,85.74053908209936,28.961502472005424,1,Stout,3
795,20,Ale,3.99640242659888,8.478986895254224,17.72173316191923,24.64956728264962,0,IPA,1
796,56,Stout,3.129344283589289,6.485326300575349,81.87568719620451,34.60088719553453,4,Ale,0
797,27,Wheat,1.4598085985484597,6.161488952873807,96.5053397694876,25.38657507608319,5,IPA,1
798,20,Pilsner,2.574518983349101,4.811459775735179,54.28626572394041,25.23386437729378,3,Stout,3
799,62,Pilsner,2.5021974203381703,8.417564808855253,61.13380151134341,15.779408756981676,3,Stout,3
800,59,Ale,3.2726489767237994,9.031051544845749,71.18170662033347,37.60271931411484,0,Stout,3
801,43,Wheat,3.671908289840871,5.899506466179717,34.00542488944099,23.09988500438248,5,Ale,0
802,54,Pilsner,4.363320969649,8.701046593855212,68.46951330895374,18.710013015075,3,Stout,3
803,44,Wheat,2.9889255879094905,7.661278350021925,52.73807500926479,23.957480204691613,5,Stout,3
804,22,Pilsner,2.5680868692206804,8.704498278419464,46.49876241522204,10.08347485571581,3,Stout,3
805,59,Stout,1.5759061363815268,6.468024298897986,91.25214036287544,14.27938329924217,4,Lager,2
806,28,IPA,4.219291859958889,8.48545818189764,81.81127989536355,15.733865175943295,1,IPA,1
807,30,IPA,3.85348162165824,6.451054707385756,94.11468653832644,23.03055692134625,1,Ale,0
808,58,Stout,2.6347095898187414,4.532547912516717,85.29866423983955,29.34287918327219,4,Lager,2
809,51,Wheat,3.0737292397706777,7.303473508809665,13.762954103797124,15.052086174470046,5,Stout,3
810,55,IPA,3.660731377647555,6.725972358331874,64.5876451968241,9.7518098456112,1,Lager,2
811,57,Ale,1.6592223593901512,5.517279323209463,72.78731933639239,24.572636397133408,0,Lager,2
812,50,IPA,1.108791177631681,9.352680009800617,69.83717281446701,34.91274409825638,1,Stout,3
813,51,Pilsner,2.2700147967467417,6.297119833216007,34.47607912825157,19.63812302288273,3,Lager,2
814,44,Stout,3.382340078544652,4.234756668593688,48.306731631849246,21.65205181314716,4,Ale,0
815,53,Lager,2.946424365125835,6.292814441215542,13.512622427523628,15.122297925420188,2,Lager,2
816,43,Pilsner,3.770218507452508,6.547058847402218,18.468471492610597,33.30919431606188,3,Ale,0
817,68,Pilsner,4.278759222298141,9.16982633916496,60.44607105572655,9.223273088448344,3,Stout,3
818,42,Ale,2.953769866921104,8.795099248630262,62.417058801902215,10.988105119224096,0,Stout,3
819,36,Lager,1.5370680948712994,5.199799515447546,28.11063615612749,39.99848144652037,2,Lager,2
820,38,Ale,4.402511999195864,9.034175355753224,50.33824513673916,28.8775513420332,0,Stout,3
821,48,Stout,3.299961309096457,5.487563369521991,52.48695337737954,24.18183423018487,4,Ale,0
822,46,Lager,3.9597499231314823,6.051604888985758,11.020309978166225,32.82877808054093,2,Ale,0
823,26,Wheat,3.8186586144331662,4.460910723864948,22.82687049722437,39.890885913500455,5,IPA,1
824,36,Stout,4.872847085324967,4.332137878806183,66.18700515544108,11.6805998297764,4,Lager,2
825,43,IPA,2.181229289343256,8.085160724866824,99.35380970178554,32.69875635652217,1,Stout,3
826,42,Pilsner,3.821227091117048,9.540046507130398,68.53525731436926,16.975672890550626,3,Stout,3
827,57,IPA,2.462705332503673,6.958101125426972,20.819500046907397,30.59314397448449,1,Lager,2
828,60,Stout,2.581642883674567,9.064562271751498,83.9296267389196,29.768090463822197,4,Stout,3
829,46,Ale,1.922378546634886,8.76250749815592,48.838394906342565,39.94155149793144,0,Stout,3
830,42,Wheat,2.376040702603416,7.988072340287975,17.53301882929998,8.915521814276305,5,IPA,1
831,36,Pilsner,4.793187006633053,9.869373586706672,63.98421249934203,5.074388818578471,3,Stout,3
832,21,Pilsner,2.170283387790404,8.813127525258317,30.524148834842705,31.172456261389296,3,IPA,1
833,62,Lager,1.983962423826347,5.649066365285568,47.51035726415765,24.90719214045824,2,Lager,2
834,37,Wheat,3.332551913895288,8.734085477326648,38.64648248869162,29.180594478657987,5,Stout,3
835,63,IPA,2.0321438269670185,8.155969877703422,67.85685527565155,31.373376218923923,1,Stout,3
836,18,Wheat,2.89354290237718,6.39712267981811,48.79312055259598,22.27272931215427,5,IPA,1
837,28,Stout,4.336705026224948,4.46078482136269,19.35838838948288,17.478708376420457,4,IPA,1
838,21,Stout,1.9216012572287025,5.286157177708598,29.41080095188488,31.96315602058744,4,Stout,3
839,24,Stout,2.70676564873568,8.78342734986013,55.04007462742554,18.304547503311905,4,IPA,1
840,45,Stout,3.441958940080128,5.490911728816295,81.02658043636838,26.776729432164565,4,Ale,0
841,53,Ale,3.1825156982939418,9.987147898140089,10.876893871387171,36.26921092804791,0,Stout,3
842,24,Wheat,4.898892949660949,8.163928839931268,65.118455559046,10.543701523548611,5,IPA,1
843,37,Stout,3.72148101758078,6.863334884305647,20.42935828080996,5.311715596218514,4,Ale,0
844,52,Ale,3.95978496819376,7.422620141271563,64.36444813913525,13.986481391954468,0,IPA,1
845,68,Wheat,4.8678237918669325,7.665236341248617,85.31268719304241,32.91151802063061,5,Stout,3
846,68,Ale,2.657752100914084,9.81366892019574,30.56346698292415,24.838897487155627,0,Stout,3
847,56,Lager,2.421519260244205,4.970447167789117,54.59632772295409,38.11563022374012,2,Lager,2
848,38,Lager,1.1754497190655302,5.634374815964527,79.66476332600816,24.175593495158772,2,Lager,2
849,61,IPA,1.7368172260753083,8.257546287827463,25.801973132915855,14.30234839060273,1,Stout,3
850,18,Stout,1.9487585282067037,5.4391478988613935,23.730502843176534,31.80598566447676,4,IPA,1
851,54,Ale,1.734017868285354,9.2277829732123,91.45412817753342,28.01426350702536,0,Stout,3
852,63,Lager,4.019135572786258,6.079205053948712,72.51819862365068,33.72391759865552,2,Ale,0
853,59,Stout,3.1435319251044467,5.085036399494914,76.29160267379994,28.37994666078461,4,Lager,2
854,20,Lager,3.670535205833869,4.285724565098911,85.95717648508362,20.81821536293304,2,IPA,1
855,51,Lager,4.281848643357495,7.573570241907699,58.54832027965102,14.697893418279865,2,Stout,3
856,30,IPA,1.9230957651435787,8.951693137327311,53.95649492732174,6.946016266924064,1,Stout,3
857,33,Ale,2.303695759285997,5.642758666892748,60.06316164250422,15.777768843637809,0,Lager,2
858,51,Ale,3.8334410681463873,9.50523691755292,74.53161720389267,6.619046714831655,0,Stout,3
859,41,Wheat,2.571035783617891,8.546405620708029,45.18435746370353,20.05094747632131,5,Stout,3
860,30,Wheat,1.1170837604041766,4.367804094992708,18.56514220452855,12.902996916166812,5,Lager,2
861,23,Lager,2.739820876107512,7.435797980048499,22.20371961245962,29.62766629021964,2,IPA,1
862,56,Stout,4.633092345661657,7.404645641951594,97.65126622381632,12.706248429477537,4,IPA,1
863,19,Wheat,2.636086046371499,5.214233829615882,14.65458961067042,7.850114244821832,5,IPA,1
864,28,Ale,2.328995665770988,6.007266271994329,74.04574037042343,34.35790474399904,0,IPA,1
865,24,Wheat,4.958100331780109,6.749673361502573,94.9313375578903,7.101150110299276,5,Stout,3
866,24,IPA,3.5776622569480527,4.28846692742451,21.63335925165248,31.283546077232224,1,IPA,1
867,56,Ale,2.4639921058847234,4.898658455715327,75.00379400668704,37.52988640935717,0,Lager,2
868,56,IPA,1.4080781254552297,4.984026334663352,37.22109381822796,8.749519153848112,1,Lager,2
869,29,Stout,4.151397779785684,6.275414526738345,31.32685164800475,24.58837754541829,4,IPA,1
870,68,Wheat,3.8322997339510314,8.484144752059482,86.73603473917679,20.810434858867872,5,Stout,3
871,39,Lager,4.68766319699426,8.987821954583554,91.84183224273852,32.95485205506782,2,Stout,3
872,68,Stout,1.8691025201120333,4.977094276102234,41.234545845314216,26.821800213664066,4,Lager,2
873,68,Wheat,1.459697399952928,8.511436216040618,66.93827830383407,14.73957027999034,5,Stout,3
874,69,Wheat,3.8962901056362544,8.024259750329016,25.834387090101508,5.051415214982958,5,Stout,3
875,20,Stout,1.8135833679947824,9.34412435148327,81.07834927836274,21.90037050945305,4,Stout,3
876,30,IPA,1.7044153511579845,9.812747523671032,89.31158990881357,36.29381088377133,1,Stout,3
877,47,Stout,2.2792293415842884,4.746763652859646,38.68051169633758,36.68771096129335,4,Lager,2
878,27,Lager,4.26730056591375,4.4840431685249005,68.76702858227335,9.3853944068723,2,IPA,1
879,69,Ale,3.158146420438523,8.798380773712056,88.87759281023432,35.12369385755412,0,Stout,3
880,26,IPA,1.183401420409124,4.973025238515151,11.38374156247808,6.205095002888497,1,Stout,3
881,23,Wheat,2.855578698637269,5.167447145543242,87.01617358717796,8.232224636907427,5,IPA,1
882,61,IPA,3.735918445465901,9.29221553515496,61.49029097548491,38.81772843275751,1,Stout,3
883,19,Stout,3.153473753876063,9.633789382615149,47.2613846297636,18.54385925170442,4,Stout,3
884,61,Stout,3.289800872626224,5.910827463537844,57.03542621638761,7.477436382845231,4,Lager,2
885,33,Wheat,1.8991093135706585,9.053008602627964,84.16558072557929,21.46593740237325,5,Stout,3
886,30,Stout,4.390957326381392,9.153141457381906,74.99165945950267,6.614795690716559,4,Stout,3
887,65,Pilsner,3.245594870364497,7.6323428830122175,55.11383656140245,5.572955421477585,3,Stout,3
888,30,Lager,3.8529840521627055,7.39653068837887,53.88870933436798,24.66125803025526,2,Stout,3
889,39,Stout,4.92745686805321,7.455030455473658,90.93319414258453,12.392217692828384,4,Stout,3
890,36,Pilsner,2.7127946306981285,5.807735125856337,30.910798324324706,26.76694064258932,3,Lager,2
891,43,IPA,4.524266450706034,7.713202233633945,18.61315262282257,16.71447423452885,1,Stout,3
892,31,Lager,1.0291240557645,5.461481626651421,71.07743068258887,9.636696150961097,2,Lager,2
893,48,Pilsner,1.1336291704604804,5.065793740453652,73.19905409851879,39.45406503799183,3,Lager,2
894,46,IPA,3.361119686915268,6.477702726544038,61.15474241388628,13.747949541873409,1,Ale,0
895,62,Ale,2.2457975821688025,8.234682537906611,33.628289057034046,7.169200112596884,0,Stout,3
896,59,Ale,1.993106268078801,7.728566124108785,36.63577543642897,14.759281707011525,0,Stout,3
897,39,Lager,2.1117414288358343,9.789292476038217,65.53389059755364,13.809501956507406,2,Stout,3
898,24,Pilsner,2.27361173844235,7.878735468194335,34.56625081132292,15.4876206476153,3,IPA,1
899,54,Pilsner,3.915790784573692,4.847884298775522,54.965909116084674,17.448598092026117,3,Ale,0
900,66,IPA,3.276783888923778,4.967309279755108,39.88669148961284,33.18078132728492,1,Ale,0
901,58,Ale,4.156143890237334,4.558402840466993,55.93943585211844,7.092455258173067,0,Ale,0
902,44,Ale,4.320786319340208,5.147042589982078,30.642750972049104,17.40864345230151,0,Ale,0
903,48,Stout,4.371739437205129,7.587705404074726,27.825443048375487,8.631094003783092,4,Stout,3
904,23,Wheat,2.6585765966995503,9.029718850088893,76.05985058316186,39.3768826131514,5,Stout,3
905,33,Wheat,2.6850935852656432,9.363205912404744,44.71547836243659,10.03901063099536,5,Stout,3
906,55,Wheat,4.705063520562336,6.400263320110291,30.9309572048243,21.76622306830786,5,Ale,0
907,55,Pilsner,3.647054378417642,7.3514981715233905,87.25783613339442,21.80152014113682,3,Stout,3
908,67,Wheat,1.321868735916555,8.85519755290488,46.15304288681767,32.34123729989607,5,Stout,3
909,49,Lager,3.168747816369873,5.872423127171015,20.428314873449292,14.525105495196664,2,Ale,0
910,50,Ale,2.424029038539628,7.57401402663217,73.7243167460997,30.822085013083434,0,Stout,3
911,66,Lager,4.949739958865452,5.0444950663219945,35.197479031753375,5.921849569930008,2,Ale,0
912,34,Wheat,1.0546216258491703,6.859242043108568,60.87180208231372,37.45026531765632,5,Lager,2
913,50,Lager,3.448723492282232,5.03843356218081,66.13237362359433,8.46344779402712,2,Ale,0
914,28,Stout,3.894492377595432,6.774558341794873,96.63169339827284,21.829032653249463,4,IPA,1
915,30,Ale,2.155627085429421,6.380918150605478,27.19910805536504,11.070039964158555,0,Lager,2
916,47,Lager,4.894566073026128,6.59958894100296,35.57548515433045,17.901587053803844,2,Ale,0
917,18,Ale,4.438146508086845,5.462273356639108,93.89978488704884,27.47071808693204,0,IPA,1
918,47,Stout,4.66261136394325,4.816260054271037,74.64636156826008,9.986526124175802,4,Ale,0
919,44,Wheat,1.076928237406194,5.653991967519314,50.439789727769096,15.118798197565496,5,Lager,2
920,57,IPA,3.279488605259236,5.437480235463455,76.12960575063605,28.77138164462284,1,Ale,0
921,40,IPA,2.178600967818187,8.4057772155067,47.20466108886696,34.559059165899725,1,Stout,3
922,37,IPA,4.396114539742651,8.301850437889277,46.90463692410803,25.751421684035545,1,IPA,1
923,23,Lager,3.5313986276598497,7.506897962585635,24.077507880170245,23.304463284765824,2,IPA,1
924,54,Lager,3.155508017284439,4.548002789012651,56.98434219335045,8.83631542944963,2,Ale,0
925,37,Lager,1.4583526787024228,7.397571125680198,33.6397972766525,10.12891615436432,2,Stout,3
926,54,Ale,3.160891219144763,4.475422155643587,67.02340923579696,38.53669799051424,0,Ale,0
927,23,Pilsner,3.5276165854257067,4.109038115657427,45.87455645554281,5.091870102927592,3,IPA,1
928,46,Ale,4.823649237240819,6.115576690825934,86.83489294563685,21.95465402216002,0,Lager,2
929,30,IPA,3.340204041695478,5.443269514383396,79.42263320174713,31.47198682597436,1,Ale,0
930,44,Pilsner,4.869602406982618,7.567886088598255,23.31399098742032,12.348706057219744,3,IPA,1
931,67,Stout,4.846424462426649,9.571854928417682,63.19827668670536,21.084730071475224,4,IPA,1
932,37,Pilsner,3.60080134333439,8.319112166627153,74.23665584354241,22.257141683082736,3,IPA,1
933,30,Stout,3.0236319364723547,8.604165171825922,56.2996820448843,14.113900519553482,4,Stout,3
934,56,Lager,2.8640869753041973,9.705358662223738,20.255255379174613,35.75629378731615,2,Stout,3
935,25,IPA,4.5615142444631305,7.804546485379406,55.2922654711542,37.38046630252813,1,IPA,1
936,34,Lager,1.113026731887027,7.466385648458954,48.9609090690668,31.22678976465894,2,Stout,3
937,47,Ale,1.4552327920942862,7.611207855716251,39.3178992387781,5.302280710096645,0,Stout,3
938,18,Wheat,1.4082869164766074,9.194831539404795,62.428201439153206,27.012394870634555,5,IPA,1
939,41,Lager,4.02774130048422,6.32859421124191,39.23850996888768,13.123915379320971,2,Ale,0
940,33,Lager,2.358604095410139,8.772017352328024,31.200101830476147,14.351463068988796,2,Stout,3
941,28,Pilsner,3.551874178962804,7.913541609862968,76.2311147845943,11.433138421644326,3,IPA,1
942,21,Stout,3.4151316153702624,5.827429304691781,29.203391924428804,25.034399995980696,4,IPA,1
943,21,IPA,2.5433118789701266,4.08213046590455,82.47594298886528,20.63515295837241,1,IPA,1
944,34,Lager,3.1262708889695943,5.259519940521519,98.1244905596542,11.774743827930184,2,Ale,0
945,66,Lager,3.5805541342866403,8.199932587761166,49.711484480784335,37.64243258570413,2,IPA,1
946,27,Stout,4.763801319512553,7.478141858471408,83.11531473926802,13.372810366180095,4,IPA,1
947,38,Ale,3.302536291443926,5.647568198921716,25.153095555083688,32.255861622749265,0,Ale,0
948,55,Ale,3.457470047073257,6.605814828406144,81.75731519807233,5.864181508877025,0,Ale,0
949,66,Pilsner,1.271423270815102,7.9668925934884784,96.62204426803603,11.421803797638493,3,Stout,3
950,35,Stout,4.808863259040448,4.762516842939382,56.53210547529127,33.66031236295845,4,Ale,0
951,27,Lager,3.112327711637545,6.593677485107299,33.01478237871454,23.774929463529677,2,IPA,1
952,62,Ale,4.205093679439687,6.499745289891877,24.474364144896384,27.61376368125719,0,Ale,0
953,33,Ale,1.2011642525895565,7.255606120721444,92.4964146355478,20.0114436980482,0,Stout,3
954,56,IPA,2.683640542948364,7.1314820813109705,39.21152848180248,20.247124539168567,1,Stout,3
955,32,IPA,2.0279018366108064,6.206360110407097,54.730335779475936,9.389140482946356,1,Lager,2
956,51,Wheat,2.06790359475436,8.576401772875277,49.00883960546613,10.984742608893022,5,IPA,1
957,22,Pilsner,4.165814919843718,4.403374239947283,49.16939684107215,37.16489769101669,3,IPA,1
958,34,Ale,3.4954669010754142,4.213230835206076,78.87324344061226,21.017123581694975,0,Ale,0
959,54,Ale,2.758981247371392,6.521556037590252,94.16424873835248,21.535928115868103,0,Lager,2
960,25,Stout,1.0423429583455737,9.380165501024884,67.30972095052604,28.321577051351383,4,IPA,1
961,41,IPA,4.85971177178212,5.665416103178015,96.14244002024918,5.4944434264115545,1,Ale,0
962,45,IPA,4.848093013422895,5.033855948185919,27.14002017472304,23.644295368910843,1,Ale,0
963,64,Ale,1.8702088411201536,9.569250365976258,60.75435489655571,35.98674431618362,0,Stout,3
964,25,Pilsner,1.1653854892662268,5.009339527495421,71.6956286840552,19.605657505285212,3,IPA,1
965,40,Ale,3.1207974520476087,6.249043220281154,74.34786966635411,19.44112895957875,0,Ale,0
966,52,Lager,4.80564325846563,8.374093062018954,78.02627059897344,20.86585891122681,2,Stout,3
967,48,IPA,4.641583383059739,5.56554405086561,39.98350914707481,34.92857183765533,1,Lager,2
968,34,IPA,3.3386514555575864,5.379097166762088,89.397512155233,26.350038015909025,1,Ale,0
969,45,Stout,2.2141954026148287,6.386003403589324,21.85350062067108,31.157281605470548,4,Lager,2
970,65,Pilsner,2.319843535076784,8.72418888758095,35.068214291411095,30.135255509929134,3,Stout,3
971,65,Stout,4.59165420594411,9.46590011897504,52.18426005189627,6.780091219818489,4,IPA,1
972,68,IPA,2.967136142542308,4.187755167458643,63.27982833290668,39.18448690924503,1,Lager,2
973,29,Wheat,1.5244649158685823,4.990648764231522,36.57557634786248,29.7172860338557,5,IPA,1
974,41,Pilsner,1.9937019038944293,9.751607734881446,91.70430804562233,25.304383616255056,3,Stout,3
975,32,Ale,2.1071796058699963,7.556747749293811,50.66621483658316,6.5811802982375,0,Stout,3
976,57,Ale,1.4941867397276374,7.308461614922918,19.030360070411632,37.13284166185268,0,Stout,3
977,48,Wheat,2.8521775260851654,8.881262075703969,83.71465892076435,21.43448857242629,5,Stout,3
978,44,Pilsner,4.664203633099964,4.238699788170669,96.8908506175709,36.8917333495945,3,Ale,0
979,52,Lager,3.675130171969044,4.083017507037849,41.16948850772605,19.64424267509078,2,Ale,0
980,35,Ale,1.2898956969954245,9.804964298209551,59.91792261266958,25.20567500448153,0,Stout,3
981,53,Stout,1.0219792712366509,8.971424113436086,62.476354250897664,36.28012753329568,4,IPA,1
982,25,Ale,2.1049906698770173,8.484290689349612,82.1458826921243,21.129082650590767,0,IPA,1
983,63,Ale,2.450771739175761,4.934204620869201,23.66544464754179,11.28359911177397,0,Lager,2
984,66,Lager,4.106998676187104,6.8596235382595605,85.71286576270406,19.87727196946956,2,Ale,0
985,55,Ale,4.868022095721466,9.623761231395086,74.94485511261873,18.356932020903177,0,Stout,3
986,22,Stout,2.5502686936941745,9.601597573743728,13.142808634709624,30.580207264459904,4,IPA,1
987,31,Stout,3.746760119267445,4.055482641877173,61.022365414501,34.42567692999448,4,Ale,0
988,55,Wheat,4.979607629411853,8.514948454036944,12.52303903980658,5.396629180801236,5,Stout,3
989,37,Stout,3.9826663355000576,4.037426598680263,54.67959526024358,22.318529693198258,4,Ale,0
990,61,Wheat,3.544758196343378,9.90581036602334,63.947180603601325,14.354346374775798,5,Stout,3
991,26,IPA,1.3122994167132171,6.501803211974191,67.13917350662624,10.755144138722509,1,IPA,1
992,50,Ale,2.292860804778921,9.8411125478806,93.419080181894,28.29969836499811,0,Stout,3
993,35,Ale,4.653568633828628,6.206480854183825,36.73513169747055,34.24409744101802,0,Ale,0
994,23,Pilsner,1.8040219267236228,5.7591237434405285,86.01092737646461,24.05420138962649,3,IPA,1
995,54,Lager,4.3743614370928325,5.89775178300763,50.69990920333732,11.782795497138371,2,Ale,0
996,19,IPA,3.785294740322022,8.38407439983154,70.02458736296038,31.294986445080745,1,IPA,1
997,47,Wheat,2.4652974833230186,5.198037003581182,82.71490806303697,23.246643413507915,5,Lager,2
998,23,Ale,3.1166970788506263,9.184346150755903,75.16370493179309,33.162334437839334,0,IPA,1
999,34,Stout,3.1712258750112543,7.543436161760454,81.5950530000044,38.7652989263671,4,Stout,3
